harvest,season,samp.date,location,point,spp,origin,basal.dia,tot.ht,yr.curr,inc.2019,yr.prev,inc.2018
Boot,2019,2020.06.22,perimeter,960,951,t,1.1,124.5,2019,24,2018,20
Boot,2019,2020.06.19,interior,358,316,s,0.15,20.5,2019,14,2018,6.5
Boot,2019,2020.06.22,interior,364,316,s,0.15,21,2019,9,2018,9
Boot,2019,2020.06.15,interior,363,316,s,0.15,23.5,2019,14,2018,9.5
Boot,2019,2020.06.22,interior,364,316,s,0.2,28,2019,15,2018,11
Boot,2019,2020.06.22,interior,359,316,t,1,66,2019,8,2018,12
Boot,2019,2020.06.12,interior,368,316,t,0.75,56,2019,19,2018,15.5
Boot,2019,2020.06.16,perimeter,962,316,t,1,89,2019,10.5,2018,18.5
Boot,2019,2020.06.12,perimeter,957,316,t,0.75,66.5,2019,6,2018,20
Boot,2019,2020.06.19,perimeter,952,316,t,0.7,68,2019,33,2018,21.5
Boot,2019,2020.06.17,perimeter,950,316,t,0.6,57,2019,23,2018,24
Boot,2019,2020.06.15,perimeter,959,316,t,1,68,2019,24.5,2018,25
Boot,2019,2020.06.22,interior,365,316,t,0.8,79,2019,23,2018,26
Boot,2019,2020.06.19,perimeter,953,316,t,0.75,72,2019,7,2018,27
Boot,2019,2020.06.16,interior,350,316,s,0.25,45.5,2019,11,2018,27
Boot,2019,2020.06.16,perimeter,965,316,t,0.9,93,2019,10,2018,29
Boot,2019,2020.06.15,interior,362,316,t,1,103,2019,12,2018,34
Boot,2019,2020.06.12,perimeter,957,316,t,1.1,109.5,2019,8,2018,36
Boot,2019,2020.06.17,interior,357,316,t,0.9,93,2019,30,2018,36.5
Boot,2019,2020.06.16,interior,355,316,t,0.65,71.5,2019,22,2018,42
Boot,2019,2020.06.16,perimeter,965,318,s,0.2,12.5,2019,2,2018,3
Boot,2019,2020.06.15,interior,362,318,s,0.1,13,2019,7.5,2018,4.5
Boot,2019,2020.06.12,interior,368,318,t,0.25,21.5,2019,10,2018,8
Boot,2019,2020.06.22,interior,359,318,t,0.4,38,2019,20.5,2018,8
Boot,2019,2020.06.15,perimeter,958,318,t,0.4,28.5,2019,13,2018,9
Boot,2019,2020.06.22,perimeter,961,318,t,0.7,45,2019,20,2018,14
Boot,2019,2020.06.16,perimeter,963,318,t,0.25,39.5,2019,23.5,2018,15
Boot,2019,2020.06.15,interior,369,318,t,0.7,70,2019,36,2018,23
Boot,2019,2020.06.15,perimeter,959,318,t,0.6,70.5,2019,27,2018,35
Boot,2019,2020.06.12,perimeter,954,318,t,1,101,2019,23,2018,57
Boot,2019,2020.06.22,interior,354,372,s,0.2,22.5,2019,20.5,2018,2
Boot,2019,2020.06.17,perimeter,950,372,s,0.15,22,2019,18,2018,4
Boot,2019,2020.06.12,perimeter,956,372,s,0.35,41.5,2019,30,2018,5
Boot,2019,2020.06.12,perimeter,955,372,s,0.25,37,2019,32,2018,5
Boot,2019,2020.06.16,interior,355,372,s,0.6,43.5,2019,31,2018,5.5
Boot,2019,2020.06.22,interior,364,372,s,0.2,37,2019,31,2018,6
Boot,2019,2020.06.19,perimeter,952,372,s,0.25,45.5,2019,32,2018,6
Boot,2019,2020.06.16,perimeter,963,372,s,0.25,37,2019,30,2018,7
Boot,2019,2020.06.15,interior,369,372,s,0.5,57,2019,44,2018,7
Boot,2019,2020.06.22,perimeter,960,372,s,0.15,30,2019,20.5,2018,9.5
Boot,2019,2020.06.17,interior,353,372,s,0.2,42.5,2019,27,2018,9.5
Boot,2019,2020.06.12,interior,366,372,s,0.35,53.5,2019,32,2018,9.5
Boot,2019,2020.06.12,perimeter,956,372,s,0.35,47,2019,27,2018,10
Boot,2019,2020.06.22,interior,360,372,s,0.45,43.5,2019,33.5,2018,10
Boot,2019,2020.06.22,interior,357,372,s,0.2,36,2019,25.5,2018,10.5
Boot,2019,2020.06.15,perimeter,958,372,s,0.2,52,2019,38.5,2018,10.5
Boot,2019,2020.06.17,interior,353,372,s,0.2,45.5,2019,29.5,2018,11
Boot,2019,2020.06.12,interior,366,372,s,0.35,58,2019,45.5,2018,11
Boot,2019,2020.06.17,perimeter,951,372,t,0.65,65,2019,48,2018,11
Boot,2019,2020.06.12,perimeter,957,372,s,0.2,35,2019,22.5,2018,12
Boot,2019,2020.06.15,perimeter,958,372,s,0.2,49.5,2019,32.5,2018,12
Boot,2019,2020.06.17,perimeter,951,372,s,0.6,58.5,2019,40.5,2018,12
Boot,2019,2020.06.16,interior,350,372,t,1.1,77,2019,39.5,2018,12.5
Boot,2019,2020.06.22,perimeter,961,372,s,0.3,52,2019,39,2018,13
Boot,2019,2020.06.16,perimeter,964,372,s,0.25,42,2019,27,2018,14
Boot,2019,2020.06.22,interior,352,372,s,0.3,56,2019,42,2018,14
Boot,2019,2020.06.19,interior,358,372,s,0.5,62,2019,47.5,2018,14.5
Boot,2019,2020.06.22,interior,360,372,s,0.5,48,2019,33,2018,15
Boot,2019,2020.06.16,perimeter,964,372,s,0.25,49,2019,32,2018,16
Boot,2019,2020.06.22,interior,357,372,s,0.9,71,2019,40,2018,16
Boot,2019,2020.06.16,interior,349,372,s,0.65,65,2019,49,2018,16
Boot,2019,2020.06.15,perimeter,959,372,t,0.75,65,2019,45,2018,18
Boot,2019,2020.06.19,interior,358,372,s,0.6,78.5,2019,49.5,2018,20
Boot,2019,2020.06.16,perimeter,965,372,t,1,61.5,2019,33,2018,21
Boot,2019,2020.06.22,interior,352,372,s,0.5,66,2019,20.5,2018,24
Boot,2019,2020.06.16,perimeter,965,372,s,0.9,74,2019,46,2018,25
Boot,2019,2020.06.15,perimeter,958,375,s,0.2,33.5,2019,29,2018,4.5
Boot,2019,2020.06.15,perimeter,959,375,s,0.5,63,2019,36.5,2018,22
Boot,2019,2020.06.15,perimeter,959,375,s,0.4,58.5,2019,28.5,2018,24
Boot,2019,2020.06.22,perimeter,960,531,s,0.8,43.5,2019,3.5,2018,2
Boot,2019,2020.06.22,interior,354,531,s,0.25,17.5,2019,5,2018,2.5
Boot,2019,2020.06.19,interior,358,531,r,0.25,14.5,2019,12,2018,2.5
Boot,2019,2020.06.19,perimeter,952,531,s,0.25,18,2019,1,2018,3
Boot,2019,2020.06.19,perimeter,953,531,r,0.5,20,2019,12,2018,3
Boot,2019,2020.06.16,interior,350,531,r,1,45.5,2019,17,2018,3
Boot,2019,2020.06.17,interior,353,531,s,0.6,30,2019,11,2018,3.5
Boot,2019,2020.06.12,interior,361,531,t,0.25,17.5,2019,14,2018,3.5
Boot,2019,2020.06.12,perimeter,955,531,t,0.15,14.5,2019,10.5,2018,4
Boot,2019,2020.06.16,interior,350,531,r,1,56,2019,22,2018,4
Boot,2019,2020.06.22,interior,365,531,s,1.3,83,2019,7.5,2018,4.5
Boot,2019,2020.06.22,interior,360,531,t,0.25,11,2019,3.5,2018,5
Boot,2019,2020.06.17,interior,357,531,t,1.15,47,2019,5.5,2018,5
Boot,2019,2020.06.22,interior,357,531,s,0.5,45,2019,13,2018,5
Boot,2019,2020.06.17,interior,353,531,t,0.25,20,2019,14.5,2018,5
Boot,2019,2020.06.17,interior,357,531,t,0.7,24,2019,15,2018,5
Boot,2019,2020.06.15,perimeter,958,531,s,1,70,2019,11.5,2018,5.5
Boot,2019,2020.06.22,interior,357,531,s,0.7,57.5,2019,17,2018,6
Boot,2019,2020.06.17,perimeter,950,531,r,0.6,21,2019,11,2018,6.5
Boot,2019,2020.06.22,interior,364,531,t,0.25,17,2019,10,2018,7
Boot,2019,2020.06.22,interior,364,531,s,1,45.5,2019,12.5,2018,7
Boot,2019,2020.06.12,interior,367,531,s,0.75,58,2019,8,2018,7.5
Boot,2019,2020.06.15,interior,369,531,s,0.35,19,2019,11,2018,8
Boot,2019,2020.06.12,perimeter,954,531,r,0.5,26,2019,14,2018,8
Boot,2019,2020.06.17,perimeter,950,531,r,1,47.5,2019,15,2018,8
Boot,2019,2020.06.12,interior,366,531,t,0.9,39,2019,16,2018,8
Boot,2019,2020.06.16,interior,350,531,r,0.3,28.5,2019,9.5,2018,8.5
Boot,2019,2020.06.17,interior,357,531,t,0.75,26,2019,12.5,2018,8.5
Boot,2019,2020.06.15,interior,369,531,r,1.5,65.5,2019,13.5,2018,9
Boot,2019,2020.06.12,interior,367,531,s,0.75,34,2019,12,2018,11
Boot,2019,2020.06.17,perimeter,951,531,r,0.65,51.5,2019,18,2018,11
Boot,2019,2020.06.22,perimeter,961,531,s,2,121.5,2019,6,2018,11.5
Boot,2019,2020.06.17,perimeter,950,531,t,0.75,41,2019,24,2018,17
Boot,2019,2020.06.12,interior,366,531,s,0.6,37.5,2019,9,2018,20
Boot,2019,2020.06.22,interior,360,531,r,0.9,39.5,2019,11,2018,22.5
Boot,2019,2020.06.22,interior,365,541,s,0.5,23.5,2019,11,2018,3
Boot,2019,2020.06.12,interior,368,541,s,0.15,15,2019,8,2018,4
Boot,2019,2020.06.12,perimeter,954,541,s,0.2,21,2019,12,2018,5.5
Boot,2019,2020.06.19,perimeter,952,541,s,0.4,28,2019,15,2018,6
Boot,2019,2020.06.16,interior,349,541,s,0.15,16,2019,95,2018,6.5
Boot,2019,2020.06.17,perimeter,951,541,s,0.15,34.5,2019,21.5,2018,7
Boot,2019,2020.06.12,interior,367,541,s,0.2,20,2019,12,2018,8
Boot,2019,2020.06.12,interior,361,541,s,0.3,41,2019,22,2018,8
Boot,2019,2020.06.12,perimeter,954,541,s,0.2,21,2019,10,2018,9
Boot,2019,2020.06.15,perimeter,959,541,s,0.25,22.5,2019,12,2018,9.5
Boot,2019,2020.06.22,interior,359,541,s,0.2,26,2019,12.5,2018,9.5
Boot,2019,2020.06.12,interior,368,541,s,0.2,18.5,2019,8.5,2018,10
Boot,2019,2020.06.12,interior,361,541,s,0.3,27.5,2019,11,2018,10
Boot,2019,2020.06.22,perimeter,961,541,s,0.2,22,2019,12,2018,10
Boot,2019,2020.06.15,interior,362,541,s,0.2,37.5,2019,21,2018,10
Boot,2019,2020.06.12,interior,361,541,s,0.5,37,2019,22,2018,10
Boot,2019,2020.06.15,interior,362,541,s,0.25,35.5,2019,22.5,2018,10.5
Boot,2019,2020.06.22,interior,364,541,s,0.3,38,2019,27,2018,11
Boot,2019,2020.06.16,interior,350,541,s,0.25,24,2019,9,2018,12
Boot,2019,2020.06.19,perimeter,953,541,s,0.25,30.5,2019,18.5,2018,12
Boot,2019,2020.06.22,interior,359,541,s,0.2,29.5,2019,16.5,2018,13
Boot,2019,2020.06.22,interior,365,541,s,0.2,35,2019,21.5,2018,14
Boot,2019,2020.06.22,perimeter,960,541,s,0.2,40,2019,25,2018,15
Boot,2019,2020.06.12,perimeter,955,541,t,1.25,96,2019,39,2018,31
Boot,2019,2020.06.15,interior,363,651,s,0.25,21.5,2019,17,2018,4.5
Boot,2019,2020.06.22,interior,352,651,s,0.4,20,2019,15,2018,5
Boot,2019,2020.06.17,perimeter,951,762,s,0.5,61,2019,26,2018,9
Boot,2019,2020.06.12,interior,367,833,s,0.25,28,2019,8,2018,4
Boot,2019,2020.06.12,perimeter,954,833,s,0.2,19,2019,11,2018,4
Boot,2019,2020.06.12,perimeter,955,951,s,0.25,18,2019,10,2018,7
Boot,2019,2020.06.22,interior,365,951,t,1.5,83,2019,55,2018,13
Boot,2019,2020.06.15,interior,363,951,t,1.15,124,2019,38,2018,27.5
Boot,2019,2020.06.12,interior,367,951,t,1,127,2019,49,2018,31
Boot,2019,2020.06.16,perimeter,962,951,t,1.2,114,2019,44,2018,41.5
Boot,2019,2020.06.12,interior,367,951,t,1.5,108,2019,35.5,2018,48
CGL,2019,2020.07.14,control,734,129,s,0.9,23,2019,7,2018,4
CGL,2019,2020.07.13,control,737,316,t,0.65,55,2019,25,2018,3.5
CGL,2019,2020.07.14,control,730,316,s,0.2,16.5,2019,7,2018,5.5
CGL,2019,2020.07.14,control,731,316,t,0.3,28,2019,2,2018,6
CGL,2019,2020.07.10,control,742,316,t,0.25,23,2019,14,2018,9
CGL,2019,2020.07.10,control,742,316,t,0.65,52,2019,24.5,2018,9
CGL,2019,2020.07.14,control,733,316,t,0.7,41,2019,1,2018,10
CGL,2019,2020.07.14,control,729,316,t,0.5,26.5,2019,8.5,2018,10.5
CGL,2019,2020.07.14,control,735,316,t,0.8,62,2019,7,2018,14
CGL,2019,2020.07.14,control,730,316,s,0.25,32,2019,14.5,2018,14.5
CGL,2019,2020.07.13,control,741,316,s,0.25,28,2019,11,2018,15
CGL,2019,2020.07.13,control,736,316,s,0.2,27.5,2019,12,2018,15.5
CGL,2019,2020.07.13,control,741,316,t,0.5,32.5,2019,14.5,2018,16
CGL,2019,2020.07.14,control,730,316,t,1,95,2019,41,2018,19
CGL,2019,2020.07.10,control,742,316,t,0.75,71,2019,13,2018,35
CGL,2019,2020.07.13,control,741,316,t,1.25,110,2019,40,2018,64.5
CGL,2019,2020.07.14,control,734,356,s,0.3,32,2019,5,2018,6
CGL,2019,2020.07.13,control,740,372,s,0.25,23,2019,10,2018,3
CGL,2019,2020.07.14,control,729,372,s,0.25,26,2019,16,2018,3.5
CGL,2019,2020.07.14,control,735,372,s,0.25,35,2019,17,2018,4
CGL,2019,2020.07.14,control,731,372,s,0.4,43,2019,29,2018,4
CGL,2019,2020.07.14,control,733,372,s,0.2,23,2019,18,2018,5
CGL,2019,2020.07.13,control,737,372,s,0.25,32,2019,27,2018,5
CGL,2019,2020.07.14,control,738,372,t,0.4,28,2019,10.5,2018,6
CGL,2019,2020.07.10,control,743,372,s,0.25,29,2019,14,2018,6
CGL,2019,2020.07.14,control,734,372,s,0.2,29.5,2019,21.5,2018,8
CGL,2019,2020.07.14,control,738,372,s,0.5,32,2019,6,2018,9
CGL,2019,2020.07.10,control,743,372,s,0.25,33,2019,24,2018,9
CGL,2019,2020.07.13,control,736,372,s,0.6,59,2019,25.5,2018,10
CGL,2019,2020.07.10,control,744,372,s,0.3,60,2019,37,2018,10
CGL,2019,2020.07.13,control,741,372,s,0.25,25,2019,9,2018,10.5
CGL,2019,2020.07.10,control,745,372,s,0.3,44,2019,12,2018,10.5
CGL,2019,2020.07.14,control,729,372,s,0.5,39,2019,12.5,2018,10.5
CGL,2019,2020.07.10,control,742,372,s,0.2,23.5,2019,12.5,2018,11
CGL,2019,2020.07.10,control,744,372,s,0.7,74.5,2019,39,2018,11
CGL,2019,2020.07.14,control,731,372,s,0.3,45.5,2019,18.5,2018,14
CGL,2019,2020.07.10,control,743,372,s,0.25,41,2019,19,2018,14
CGL,2019,2020.07.13,control,739,372,s,0.25,42,2019,21,2018,14
CGL,2019,2020.07.10,control,745,372,s,0.5,67,2019,27.5,2018,17
CGL,2019,2020.07.13,control,736,531,s,0.75,26.5,2019,5,2018,1
CGL,2019,2020.07.10,control,743,531,t,0.7,21.5,2019,16,2018,2
CGL,2019,2020.07.13,control,737,531,s,0.7,43,2019,11,2018,5
CGL,2019,2020.07.10,control,742,531,r,0.25,16.5,2019,11.5,2018,5
CGL,2019,2020.07.13,control,740,531,t,0.3,23,2019,12,2018,5
CGL,2019,2020.07.13,control,737,531,r,0.3,26,2019,12,2018,5
CGL,2019,2020.07.14,control,732,531,t,1,58,2019,16,2018,5
CGL,2019,2020.07.10,control,744,531,r,0.2,13,2019,7,2018,6
CGL,2019,2020.07.13,control,741,531,r,0.25,25,2019,17,2018,6
CGL,2019,2020.07.14,control,734,531,r,0.25,32.5,2019,20,2018,6.5
CGL,2019,2020.07.14,control,734,531,t,0.4,33.5,2019,8.5,2018,7
CGL,2019,2020.07.10,control,745,531,t,0.25,17.5,2019,11.5,2018,7
CGL,2019,2020.07.10,control,745,531,t,0.3,20.5,2019,11.5,2018,7
CGL,2019,2020.07.13,control,737,531,t,0.5,24.5,2019,17,2018,7.5
CGL,2019,2020.07.14,control,734,531,t,0.3,25.5,2019,18,2018,7.5
CGL,2019,2020.07.13,control,739,531,t,0.4,24,2019,10,2018,8
CGL,2019,2020.07.10,control,745,531,t,0.25,30,2019,21.5,2018,8.5
CGL,2019,2020.07.10,control,743,531,t,0.7,32,2019,13,2018,9
CGL,2019,2020.07.13,control,740,531,r,0.4,25.5,2019,14,2018,9
CGL,2019,2020.07.14,control,730,531,r,0.6,38,2019,23,2018,9
CGL,2019,2020.07.10,control,744,531,t,0.25,23,2019,10,2018,10
CGL,2019,2020.07.13,control,741,531,r,0.25,27,2019,15,2018,10
CGL,2019,2020.07.10,control,743,531,r,0.45,27,2019,17,2018,10
CGL,2019,2020.07.14,control,731,531,t,0.3,22,2019,11,2018,11
CGL,2019,2020.07.14,control,729,531,r,0.25,32,2019,9,2018,11.5
CGL,2019,2020.07.14,control,738,531,r,0.65,23.5,2019,12,2018,11.5
CGL,2019,2020.07.14,control,735,531,t,0.35,26,2019,13,2018,13
CGL,2019,2020.07.13,control,740,531,r,0.5,46,2019,26.5,2018,13
CGL,2019,2020.07.14,control,729,531,t,0.3,31,2019,14,2018,14
CGL,2019,2020.07.10,control,744,531,t,0.4,38,2019,15.5,2018,16
CGL,2019,2020.07.13,control,739,531,t,0.6,27,2019,9,2018,17
CGL,2019,2020.07.14,control,730,531,r,0.65,44,2019,20.5,2018,18
CGL,2019,2020.07.13,control,739,531,t,0.6,45.5,2019,22,2018,21
CGL,2019,2020.07.14,control,735,541,s,0.4,24,2019,6,2018,1.5
CGL,2019,2020.07.14,control,738,541,s,0.2,14.5,2019,8,2018,4
CGL,2019,2020.07.14,control,729,541,s,0.25,19,2019,9,2018,4
CGL,2019,2020.07.14,control,735,541,t,0.25,72.5,2019,7,2018,5.5
CGL,2019,2020.07.14,control,730,541,s,0.25,22,2019,13,2018,6
CGL,2019,2020.07.14,control,730,541,s,0.4,38,2019,20,2018,8
CGL,2019,2020.07.14,control,733,541,s,0.2,18,2019,9.5,2018,8.5
CGL,2019,2020.07.13,control,736,541,s,0.2,19,2019,2,2018,10.5
CGL,2019,2020.07.13,control,737,762,s,0.2,21.5,2019,2,2018,3
CGL,2019,2020.07.14,control,738,762,s,0.3,29,2019,12,2018,9
CGL,2019,2020.07.14,control,730,762,s,0.4,50.5,2019,23,2018,18.5
CGL,2019,2020.07.13,control,737,833,s,0.4,16,2019,4,2018,3.5
CGL,2019,2020.07.10,control,745,833,s,0.2,11,2019,4.5,2018,3.5
CGL,2019,2020.07.14,control,735,833,s,0.25,15.5,2019,2,2018,5
CGL,2019,2020.07.14,control,730,833,s,0.35,20,2019,8,2018,5
CGL,2019,2020.07.14,control,733,833,s,0.25,15,2019,4.5,2018,6
CGL,2019,2020.07.14,control,731,833,s,0.25,22,2019,7,2018,6
CGL,2019,2020.07.10,control,744,833,s,0.15,18.5,2019,12,2018,6.5
CGL,2019,2020.07.10,control,742,833,t,0.45,32,2019,9,2018,8
CGL,2019,2020.07.13,control,740,833,s,0.5,28.5,2019,10.5,2018,8
CGL,2019,2020.07.13,control,736,833,s,0.25,28,2019,9.5,2018,12
CGL,2019,2020.07.13,control,741,833,t,0.75,55,2019,17.5,2018,12
CRP,2019,2020.07.14,control,768,129,s,0.25,15,2019,8,2018,7
CRP,2019,2020.07.14,control,770,316,s,0.25,17,2019,2.5,2018,1.5
CRP,2019,2020.07.14,control,768,316,s,0.3,16.5,2019,11,2018,2
CRP,2019,2020.07.15,control,775,316,s,0.2,15,2019,12,2018,3
CRP,2019,2020.07.16,control,755,316,t,0.3,29,2019,17,2018,3
CRP,2019,2020.07.15,control,773,316,t,0.35,21,2019,4,2018,4
CRP,2019,2020.07.15,control,774,316,t,0.25,29,2019,13,2018,4
CRP,2019,2020.07.15,control,775,316,t,0.25,21,2019,1.5,2018,4.5
CRP,2019,2020.07.14,control,768,316,t,0.25,19.5,2019,4.5,2018,4.5
CRP,2019,2020.07.14,control,770,316,s,0.25,22.5,2019,6.5,2018,5
CRP,2019,2020.07.15,control,771,316,s,0.15,74.5,2019,7,2018,5
CRP,2019,2020.07.16,control,761,316,s,0.2,18,2019,13,2018,5
CRP,2019,2020.07.14,control,769,316,s,0.2,18.5,2019,7,2018,8
CRP,2019,2020.07.15,control,774,316,t,0.65,30.5,2019,9.5,2018,10
CRP,2019,2020.07.16,control,757,316,t,0.5,38,2019,25,2018,10
CRP,2019,2020.07.16,control,758,316,t,0.25,37,2019,27,2018,10
CRP,2019,2020.07.14,control,767,316,t,0.2,25.5,2019,3,2018,15
CRP,2019,2020.07.16,control,757,316,t,0.4,31.5,2019,0.5,2018,16
CRP,2019,2020.07.16,control,756,316,t,0.4,39,2019,7,2018,16
CRP,2019,2020.07.16,control,756,316,t,0.5,31.5,2019,2.5,2018,19
CRP,2019,2020.07.16,control,759,316,t,0.65,53,2019,15,2018,23
CRP,2019,2020.07.16,control,761,316,t,1,83,2019,11,2018,32
CRP,2019,2020.07.17,control,748,372,s,0.15,16,2019,16,2018,0
CRP,2019,2020.07.16,control,752,372,s,0.15,18.5,2019,18,2018,0
CRP,2019,2020.07.17,control,746,372,s,0.15,23.5,2019,23.5,2018,0
CRP,2019,2020.07.14,control,768,372,s,0.15,12,2019,11,2018,1
CRP,2019,2020.07.16,control,762,372,s,0.25,23.5,2019,6,2018,2
CRP,2019,2020.07.17,control,764,372,t,0.6,37,2019,28,2018,2
CRP,2019,2020.07.16,control,758,372,s,0.15,21.5,2019,19,2018,2.5
CRP,2019,2020.07.16,control,758,372,s,0.2,29.5,2019,26,2018,3
CRP,2019,2020.07.17,control,746,372,s,0.15,18.5,2019,14.5,2018,3.5
CRP,2019,2020.07.17,control,747,372,s,0.15,17,2019,13,2018,4
CRP,2019,2020.07.17,control,764,372,s,0.25,15,2019,1.5,2018,4.5
CRP,2019,2020.07.15,control,771,372,s,0.4,34.5,2019,19,2018,6
CRP,2019,2020.07.16,control,754,372,s,0.5,31,2019,25,2018,6
CRP,2019,2020.07.16,control,766,372,t,0.3,33.5,2019,27,2018,6.5
CRP,2019,2020.07.16,control,763,372,s,0.25,25.5,2019,4.5,2018,7
CRP,2019,2020.07.17,control,747,372,s,0.2,38,2019,26.5,2018,7
CRP,2019,2020.07.16,control,753,372,s,0.2,29,2019,21.5,2018,7.5
CRP,2019,2020.07.16,control,757,372,t,0.5,32.5,2019,13.5,2018,8.5
CRP,2019,2020.07.16,control,761,372,s,0.25,42,2019,32,2018,10
CRP,2019,2020.07.16,control,766,372,t,0.5,55,2019,42,2018,11
CRP,2019,2020.07.14,control,769,372,s,0.3,31,2019,9,2018,13
CRP,2019,2020.07.16,control,761,372,s,0.6,49,2019,32,2018,14
CRP,2019,2020.07.16,control,762,372,t,0.4,28,2019,7,2018,16
CRP,2019,2020.07.17,control,764,375,s,0.2,14,2019,8,2018,6
CRP,2019,2020.07.17,control,748,375,s,0.2,22.5,2019,16,2018,6.5
CRP,2019,2020.07.16,control,752,375,s,0.25,35,2019,13.5,2018,21
CRP,2019,2020.07.17,control,751,531,t,0.2,3.5,2019,2.5,2018,1
CRP,2019,2020.07.15,control,773,531,r,0.8,44,2019,11,2018,1
CRP,2019,2020.07.17,control,764,531,t,0.5,15.5,2019,8,2018,2
CRP,2019,2020.07.16,control,761,531,t,0.5,14,2019,9,2018,2
CRP,2019,2020.07.17,control,764,531,t,0.5,18,2019,12,2018,2
CRP,2019,2020.07.17,control,764,531,r,0.4,21.5,2019,15,2018,2
CRP,2019,2020.07.17,control,750,531,t,0.25,25.5,2019,17.5,2018,2.5
CRP,2019,2020.07.15,control,772,531,t,0.4,19.5,2019,7.5,2018,3
CRP,2019,2020.07.14,control,770,531,r,0.2,19,2019,9,2018,3
CRP,2019,2020.07.16,control,755,531,r,0.2,16,2019,9.5,2018,3
CRP,2019,2020.07.16,control,758,531,r,0.2,20,2019,11,2018,3
CRP,2019,2020.07.17,control,750,531,t,0.2,16,2019,13,2018,3
CRP,2019,2020.07.16,control,757,531,r,0.5,32,2019,18,2018,3
CRP,2019,2020.07.15,control,775,531,s,1,35,2019,9,2018,3.5
CRP,2019,2020.07.15,control,771,531,t,0.2,11,2019,7,2018,4
CRP,2019,2020.07.14,control,770,531,t,0.4,11.5,2019,7.5,2018,4
CRP,2019,2020.07.16,control,760,531,s,0.25,23,2019,8,2018,4
CRP,2019,2020.07.15,control,773,531,t,0.25,16,2019,9,2018,4
CRP,2019,2020.07.17,control,764,531,t,0.5,19,2019,13,2018,4
CRP,2019,2020.07.14,control,768,531,t,0.5,14,2019,8,2018,4.5
CRP,2019,2020.07.16,control,759,531,t,0.65,30,2019,12,2018,4.5
CRP,2019,2020.07.16,control,760,531,t,0.25,18,2019,13.5,2018,4.5
CRP,2019,2020.07.16,control,763,531,t,0.5,18,2019,13.5,2018,4.5
CRP,2019,2020.07.14,control,769,531,t,0.3,10,2019,1.5,2018,5
CRP,2019,2020.07.14,control,769,531,r,0.4,17,2019,6.5,2018,5
CRP,2019,2020.07.16,control,758,531,t,0.2,15,2019,10,2018,5
CRP,2019,2020.07.16,control,753,531,r,0.4,20.5,2019,10,2018,5
CRP,2019,2020.07.16,control,752,531,t,1.1,45,2019,19.5,2018,5
CRP,2019,2020.07.16,control,762,531,r,0.4,31,2019,23.5,2018,5
CRP,2019,2020.07.15,control,775,531,t,0.3,20,2019,11,2018,5.5
CRP,2019,2020.07.14,control,767,531,r,0.25,17,2019,11,2018,6
CRP,2019,2020.07.16,control,753,531,r,0.35,17,2019,11,2018,6
CRP,2019,2020.07.14,control,769,531,t,0.5,24,2019,14,2018,6
CRP,2019,2020.07.15,control,772,531,r,0.35,13.5,2019,2,2018,7
CRP,2019,2020.07.16,control,753,531,t,0.4,26,2019,11,2018,7
CRP,2019,2020.07.16,control,759,531,t,0.3,22,2019,7,2018,7.5
CRP,2019,2020.07.15,control,773,531,r,1.1,56,2019,6,2018,8
CRP,2019,2020.07.17,control,751,531,t,0.2,15,2019,7,2018,8
CRP,2019,2020.07.14,control,767,531,r,0.4,28,2019,11,2018,8
CRP,2019,2020.07.14,control,770,531,t,0.25,20.5,2019,11.5,2018,8
CRP,2019,2020.07.16,control,754,531,r,0.5,24,2019,16,2018,8
CRP,2019,2020.07.16,control,756,531,t,0.25,25,2019,17,2018,8
CRP,2019,2020.07.16,control,766,531,t,0.5,17,2019,5,2018,8.5
CRP,2019,2020.07.16,control,762,531,r,0.5,31,2019,12.5,2018,9
CRP,2019,2020.07.16,control,756,531,r,0.2,27.5,2019,14,2018,10
CRP,2019,2020.07.16,control,753,531,t,0.4,26,2019,14.5,2018,10.5
CRP,2019,2020.07.16,control,752,531,r,0.3,22,2019,11,2018,11
CRP,2019,2020.07.16,control,755,531,t,0.7,28,2019,15.5,2018,11
CRP,2019,2020.07.16,control,761,531,t,0.5,22,2019,3.5,2018,12
CRP,2019,2020.07.16,control,763,531,r,0.75,37,2019,5,2018,15
CRP,2019,2020.07.17,control,764,531,t,1.3,47.5,2019,6.5,2018,19
CRP,2019,2020.07.16,control,759,531,r,0.65,48,2019,6,2018,20
CRP,2019,2020.07.16,control,766,531,t,1,44,2019,22.5,2018,21.5
CRP,2019,2020.07.16,control,756,541,t,0.4,21.5,2019,1,2018,3
CRP,2019,2020.07.14,control,768,541,s,0.2,11,2019,3,2018,3.5
CRP,2019,2020.07.16,control,759,541,s,0.2,11.5,2019,0.5,2018,4
CRP,2019,2020.07.16,control,760,541,s,0.2,20,2019,13,2018,4
CRP,2019,2020.07.14,control,770,541,s,0.15,15.5,2019,4.5,2018,5
CRP,2019,2020.07.17,control,748,541,s,0.2,16.5,2019,4.5,2018,5
CRP,2019,2020.07.15,control,775,541,t,0.3,12,2019,1,2018,8
CRP,2019,2020.07.15,control,774,541,s,0.2,16,2019,3,2018,8
CRP,2019,2020.07.15,control,772,541,s,0.25,22,2019,3,2018,9.5
CRP,2019,2020.07.17,control,748,541,s,0.2,21,2019,11,2018,10
CRP,2019,2020.07.14,control,767,541,t,0.25,24,2019,5,2018,11
CRP,2019,2020.07.15,control,774,802,r/t,0.25,19,2019,10,2018,3.5
CRP,2019,2020.07.16,control,756,802,t,0.4,24,2019,5,2018,5
CRP,2019,2020.07.17,control,764,802,t,0.6,36,2019,4,2018,6.5
CRP,2019,2020.07.14,control,770,802,s,0.5,29,2019,8.5,2018,7
CRP,2019,2020.07.16,control,752,832,s,0.2,20.5,2019,9,2018,3
CRP,2019,2020.07.16,control,763,832,s,0.2,18,2019,7.5,2018,3.5
CRP,2019,2020.07.16,control,752,832,s,0.3,15,2019,3,2018,5
CRP,2019,2020.07.16,control,754,832,t,0.85,53.5,2019,5,2018,8
CRP,2019,2020.07.17,control,748,832,s,0.2,17,2019,4,2018,9
CRP,2019,2020.07.16,control,753,832,s,0.5,25.5,2019,5.5,2018,9
CRP,2019,2020.07.16,control,754,832,t,0.55,33,2019,7,2018,9
CRP,2019,2020.07.16,control,762,832,s,0.25,24,2019,2,2018,9.5
CRP,2019,2020.07.16,control,755,832,s,0.5,30,2019,7,2018,11
CRP,2019,2020.07.16,control,757,833,s,0.65,33,2019,9,2018,1
CRP,2019,2020.07.15,control,774,833,s,0.2,13,2019,7,2018,2
CRP,2019,2020.07.15,control,771,833,s,0.65,35,2019,11,2018,2.5
CRP,2019,2020.07.14,control,767,833,s,0.35,30,2019,15.5,2018,3
CRP,2019,2020.07.14,control,769,833,s,0.25,20.5,2019,2,2018,4
CRP,2019,2020.07.17,control,747,833,t,0.25,33.5,2019,11,2018,4.5
CRP,2019,2020.07.15,control,771,833,s,0.45,12.5,2019,2,2018,5
CRP,2019,2020.07.17,control,751,833,s,0.2,13,2019,3.5,2018,5
CRP,2019,2020.07.16,control,754,833,s,0.25,13,2019,4.5,2018,5
CRP,2019,2020.07.14,control,768,833,s,0.25,22,2019,9,2018,5
CRP,2019,2020.07.15,control,772,833,s,0.4,19,2019,2.5,2018,5.5
CRP,2019,2020.07.15,control,775,833,s,0.25,13.5,2019,8,2018,5.5
CRP,2019,2020.07.14,control,767,833,t,0.5,24,2019,4,2018,6
CRP,2019,2020.07.15,control,772,833,s,0.25,11.5,2019,5.5,2018,6
CRP,2019,2020.07.15,control,774,833,s,0.5,25,2019,5.5,2018,6
CRP,2019,2020.07.16,control,760,833,s,0.2,18,2019,5.5,2018,6.5
CRP,2019,2020.07.15,control,773,833,s,0.2,12.5,2019,5,2018,7.5
CRP,2019,2020.07.17,control,764,833,s,0.6,32.5,2019,16,2018,10
CRP,2019,2020.07.16,control,755,833,t,0.7,31,2019,3.5,2018,12
CRP,2019,2020.07.16,control,758,833,t,0.6,42,2019,11.5,2018,13
CWB,2019,2020.07.06,control,390,70,s,0.3,20,2019,14,2018,6
CWB,2019,2020.07.06,control,949,316,s,0.2,29,2019,13.5,2018,2.5
CWB,2019,2020.07.06,control,948,316,s,0.15,26,2019,20,2018,6
CWB,2019,2020.07.06,control,948,316,s,0.15,23,2019,7,2018,6.5
CWB,2019,2020.07.06,control,947,318,s,0.15,17,2019,5,2018,2
CWB,2019,2020.07.06,control,947,318,s,0.25,27,2019,4,2018,3
CWB,2019,2020.07.07,control,394,318,t,0.3,30,2019,16,2018,3
CWB,2019,2020.07.06,control,948,318,s,0.15,16,2019,1.5,2018,3.5
CWB,2019,2020.07.07,control,394,371,s,0.2,25.5,2019,19.5,2018,3
CWB,2019,2020.07.06,control,389,371,s,0.2,32,2019,24,2018,8
CWB,2019,2020.07.06,control,390,371,s,0.2,25,2019,13,2018,11
CWB,2019,2020.07.06,control,389,371,s,0.3,29,2019,9,2018,12
CWB,2019,2020.07.06,control,390,371,s,0.25,36,2019,14.5,2018,14
CWB,2019,2020.07.06,control,388,371,s,0.25,37,2019,13,2018,17
CWB,2019,2020.07.06,control,388,371,s,0.2,32,2019,6.5,2018,20.5
CWB,2019,2020.07.06,control,388,371,s,0.25,35.5,2019,7.5,2018,22.5
CWB,2019,2020.07.06,control,390,371,s,0.25,38,2019,4,2018,29.5
CWB,2019,2020.07.07,control,705,372,s,0.15,23,2019,20,2018,3
CWB,2019,2020.07.09,control,702,372,s,0.15,27,2019,24,2018,3
CWB,2019,2020.07.07,control,705,372,s,0.2,29.5,2019,26,2018,3.5
CWB,2019,2020.06.29,control,387,372,s,0.15,30.5,2019,27,2018,3.5
CWB,2019,2020.07.09,control,702,372,s,0.2,28,2019,24,2018,4
CWB,2019,2020.07.07,control,704,372,s,0.2,37,2019,25,2018,4
CWB,2019,2020.07.07,control,397,372,s,0.2,32.5,2019,28,2018,4.5
CWB,2019,2020.07.06,control,948,372,s,0.5,37,2019,18,2018,5.5
CWB,2019,2020.07.09,control,702,372,s,0.2,37,2019,30,2018,7
CWB,2019,2020.06.29,control,387,372,s,0.2,16.5,2019,6.5,2018,8
CWB,2019,2020.07.06,control,385,372,s,0.6,56,2019,26,2018,8
CWB,2019,2020.06.29,control,393,372,s,0.2,37,2019,29,2018,8
CWB,2019,2020.07.06,control,949,372,s,1,79,2019,37,2018,8
CWB,2019,2020.06.29,control,393,372,s,0.2,37.5,2019,29,2018,8.5
CWB,2019,2020.07.07,control,398,372,s,0.2,40.5,2019,32,2018,8.5
CWB,2019,2020.07.09,control,711,372,s,0.2,25,2019,16,2018,9
CWB,2019,2020.07.07,control,707,372,s,0.5,32,2019,5.5,2018,10
CWB,2019,2020.06.29,control,392,372,s,0.2,19,2019,7,2018,10
CWB,2019,2020.07.07,control,706,372,S,0.2,33,2019,23,2018,10
CWB,2019,2020.07.07,control,709,372,t,0.8,66,2019,23,2018,11
CWB,2019,2020.07.06,control,385,372,s,0.7,76,2019,37,2018,12
CWB,2019,2020.07.07,control,708,372,s,0.2,31,2019,12,2018,14
CWB,2019,2020.06.29,control,391,372,s,0.25,33,2019,15,2018,14
CWB,2019,2020.06.29,control,387,372,s,0.2,28,2019,5,2018,15
CWB,2019,2020.06.29,control,392,372,s,0.2,19.5,2019,5,2018,16
CWB,2019,2020.06.29,control,386,372,s,0.25,25,2019,7,2018,16
CWB,2019,2020.07.07,control,708,372,s,0.25,37,2019,15,2018,16
CWB,2019,2020.07.07,control,396,372,s,0.9,107,2019,48,2018,17.5
CWB,2019,2020.07.06,control,385,372,s,0.3,61.5,2019,25,2018,22
CWB,2019,2020.06.29,control,386,372,s,0.25,30.5,2019,10,2018,24
CWB,2019,2020.06.29,control,386,372,s,0.25,47,2019,15,2018,24
CWB,2019,2020.06.29,control,386,372,s,0.3,50.5,2019,18.5,2018,25.5
CWB,2019,2020.06.29,control,386,531,t,0.25,10,2019,9,2018,1
CWB,2019,2020.06.29,control,393,531,s,1,92,2019,12.5,2018,1
CWB,2019,2020.07.09,control,399,531,r,0.3,22,2019,13,2018,1
CWB,2019,2020.07.07,control,397,531,t,0.4,31,2019,15.5,2018,1
CWB,2019,2020.07.06,control,389,531,s,0.75,54,2019,6.5,2018,1.5
CWB,2019,2020.07.07,control,709,531,r,0.6,39,2019,10,2018,2
CWB,2019,2020.06.29,control,386,531,t,0.25,14,2019,12,2018,2
CWB,2019,2020.06.29,control,392,531,r,0.7,31,2019,12,2018,2
CWB,2019,2020.07.06,control,389,531,t,0.2,11,2019,8.5,2018,2.5
CWB,2019,2020.06.29,control,392,531,s,0.65,38,2019,10,2018,2.5
CWB,2019,2020.07.07,control,395,531,r,1,43.5,2019,18,2018,2.5
CWB,2019,2020.07.07,control,705,531,r,0.2,14,2019,4,2018,3
CWB,2019,2020.07.09,control,399,531,t,0.2,13,2019,6.5,2018,3
CWB,2019,2020.07.09,control,400,531,r,0.25,28,2019,18,2018,3
CWB,2019,2020.07.09,control,702,531,r,0.75,61,2019,23,2018,3
CWB,2019,2020.06.29,control,393,531,t,0.25,13,2019,9,2018,4
CWB,2019,2020.07.07,control,705,531,r,0.25,22,2019,11.5,2018,4.5
CWB,2019,2020.07.09,control,400,531,s,0.9,41.5,2019,15,2018,4.5
CWB,2019,2020.07.06,control,388,531,t,0.25,12,2019,6.5,2018,5.5
CWB,2019,2020.07.06,control,949,531,s,0.5,34,2019,6.5,2018,5.5
CWB,2019,2020.07.09,control,710,531,r,0.25,26,2019,7,2018,6
CWB,2019,2020.07.09,control,713,531,t,0.3,14,2019,8,2018,6
CWB,2019,2020.07.09,control,400,531,t,0.2,24,2019,9,2018,6
CWB,2019,2020.07.09,control,712,531,r,1,90,2019,12,2018,6
CWB,2019,2020.07.07,control,708,531,t,0.4,22.5,2019,16,2018,6.5
CWB,2019,2020.07.09,control,701,531,r,0.25,14.5,2019,3,2018,7
CWB,2019,2020.07.09,control,701,531,r,0.45,34,2019,15,2018,7
CWB,2019,2020.07.09,control,703,531,t,0.35,26,2019,19,2018,7
CWB,2019,2020.07.09,control,713,531,t,0.25,15.5,2019,7.5,2018,8
CWB,2019,2020.07.09,control,701,531,r,0.85,37.5,2019,8,2018,8
CWB,2019,2020.06.29,control,393,531,t,0.4,24,2019,8.5,2018,8
CWB,2019,2020.07.09,control,702,531,r,0.5,30.5,2019,10,2018,8
CWB,2019,2020.07.09,control,710,531,r,0.5,41.5,2019,12.5,2018,8
CWB,2019,2020.06.29,control,391,531,r,0.9,58,2019,12.5,2018,8
CWB,2019,2020.07.07,control,395,531,r,0.9,41.5,2019,15.5,2018,8
CWB,2019,2020.07.09,control,713,531,t,0.4,26,2019,18,2018,8
CWB,2019,2020.07.09,control,712,531,r,0.6,66,2019,21,2018,8
CWB,2019,2020.07.07,control,708,531,t,0.25,19,2019,2,2018,8.5
CWB,2019,2020.07.09,control,702,531,s,0.65,34,2019,10,2018,9
CWB,2019,2020.07.09,control,399,531,t,0.25,19,2019,13,2018,9
CWB,2019,2020.07.09,control,703,531,s,0.75,50,2019,8.5,2018,9.5
CWB,2019,2020.07.07,control,708,531,r,0.8,43.5,2019,10.5,2018,10
CWB,2019,2020.07.09,control,400,531,r,0.45,39,2019,12,2018,10
CWB,2019,2020.07.09,control,710,531,t,0.8,55,2019,16,2018,10
CWB,2019,2020.07.09,control,713,531,t,0.25,27.5,2019,17,2018,10.5
CWB,2019,2020.07.07,control,398,531,t,0.6,37,2019,8.5,2018,11
CWB,2019,2020.07.07,control,709,531,r,0.75,54,2019,11,2018,15
CWB,2019,2020.07.07,control,709,531,r,0.8,53,2019,12,2018,15
CWB,2019,2020.07.06,control,947,531,r,1,94.5,2019,19.5,2018,15
CWB,2019,2020.07.06,control,947,531,t,1,100,2019,16,2018,15.5
CWB,2019,2020.07.07,control,704,541,s,0.2,22.5,2019,12.5,2018,1
CWB,2019,2020.07.09,control,710,541,s,0.2,21,2019,14,2018,2
CWB,2019,2020.07.06,control,384,541,s,0.3,43,2019,17,2018,2.5
CWB,2019,2020.07.07,control,707,541,s,0.15,12,2019,8.5,2018,3.5
CWB,2019,2020.07.06,control,384,541,s,0.4,37.5,2019,9,2018,3.5
CWB,2019,2020.07.06,control,946,541,s,0.25,39,2019,7,2018,4
CWB,2019,2020.07.06,control,946,541,s,0.25,38,2019,7.5,2018,4
CWB,2019,2020.07.06,control,385,541,s,0.25,32.5,2019,19.5,2018,4
CWB,2019,2020.07.06,control,949,541,s,0.3,44.5,2019,4,2018,4.5
CWB,2019,2020.07.09,control,399,541,s,0.25,18,2019,7.5,2018,4.5
CWB,2019,2020.07.06,control,949,541,s,0.3,31,2019,4,2018,5
CWB,2019,2020.07.09,control,713,541,s,0.2,21.5,2019,16,2018,5.5
CWB,2019,2020.07.07,control,704,541,s,0.2,22,2019,10,2018,6
CWB,2019,2020.07.06,control,947,541,s,0.4,39,2019,10.5,2018,6
CWB,2019,2020.07.07,control,394,541,s,0.4,20.5,2019,13,2018,6
CWB,2019,2020.07.09,control,712,541,s,0.25,28,2019,22,2018,6
CWB,2019,2020.07.07,control,395,541,s,0.25,29,2019,5,2018,7
CWB,2019,2020.07.06,control,947,541,s,0.5,37.5,2019,8.5,2018,7
CWB,2019,2020.07.06,control,385,541,s,0.3,32,2019,17,2018,7
CWB,2019,2020.07.06,control,948,541,s,0.25,33,2019,10,2018,8
CWB,2019,2020.07.07,control,396,541,s,0.2,19,2019,11,2018,8
CWB,2019,2020.07.09,control,701,541,s,0.2,26,2019,18,2018,8
CWB,2019,2020.07.07,control,394,541,s,0.3,23.5,2019,9,2018,9
CWB,2019,2020.07.06,control,946,541,s,0.2,24,2019,10,2018,9
CWB,2019,2020.07.07,control,398,541,s,0.25,25.5,2019,10.5,2018,9
CWB,2019,2020.07.09,control,703,541,s,0.4,36,2019,20,2018,9
CWB,2019,2020.07.06,control,384,541,s,0.25,30.5,2019,11,2018,9.5
CWB,2019,2020.07.07,control,397,541,s,0.2,41,2019,31.5,2018,9.5
CWB,2019,2020.07.07,control,707,541,s,0.4,30,2019,10,2018,10
CWB,2019,2020.07.09,control,710,541,s,0.25,35.5,2019,13.5,2018,10.5
CWB,2019,2020.07.09,control,703,541,s,0.2,38,2019,7.5,2018,11
CWB,2019,2020.07.07,control,708,541,s,0.25,24,2019,12,2018,12
CWB,2019,2020.07.06,control,384,541,s,0.25,31,2019,10,2018,13.5
CWB,2019,2020.07.09,control,400,541,s,0.25,42.5,2019,15,2018,16
CWB,2019,2020.07.07,control,395,541,s,0.75,59,2019,15,2018,16
CWB,2019,2020.07.07,control,395,541,s,0.35,31.5,2019,1,2018,17
CWB,2019,2020.06.29,control,387,833,s,0.1,5,2019,2,2018,1
CWB,2019,2020.07.07,control,708,833,s,0.65,54,2019,4.5,2018,4
CWB,2019,2020.07.06,control,949,833,s,0.3,36,2019,3,2018,10
CWB,2019,2020.07.09,control,710,951,t,0.9,55,2019,19,2018,17
GL,2019,2020.04.14,interior,841,125,s,1.2,39,2019,17,2018,11
GL,2019,2020.04.16,perimeter,834,316,s,0.75,45,2019,29.5,2018,2
GL,2019,2020.04.22,interior,877,316,s,0.25,24,2019,11,2018,5.5
GL,2019,2020.04.16,perimeter,834,316,s,0.2,28.5,2019,10.5,2018,6
GL,2019,2020.04.06,interior,864,316,s,0.1,18,2019,11,2018,6
GL,2019,2020.04.06,interior,864,316,s,0.15,19,2019,8.5,2018,7
GL,2019,2020.04.17,perimeter,817,316,s,0.25,35,2019,18,2018,7
GL,2019,2020.04.17,perimeter,817,316,s,0.25,32,2019,14,2018,8
GL,2019,2020.04.06,interior,863,316,s,0.5,49,2019,7,2018,9
GL,2019,2020.04.06,interior,863,316,s,0.2,22,2019,10,2018,9
GL,2019,2020.04.22,interior,877,316,s,0.25,29,2019,14,2018,9
GL,2019,2020.05.06,interior,866,316,s,0.1,17,2019,5,2018,10
GL,2019,2020.05.06,interior,866,316,s,0.15,19,2019,8,2018,10
GL,2019,2020.04.16,perimeter,834,316,s,0.2,27,2019,4,2018,11
GL,2019,2020.04.16,perimeter,828,316,t,0.5,46,2019,18,2018,11
GL,2019,2020.04.20,perimeter,815,316,s,0.6,51.5,2019,12.5,2018,11.5
GL,2019,2020.04.06,interior,863,316,s,0.5,41,2019,6.5,2018,13
GL,2019,2020.04.16,perimeter,827,316,s,0.25,36,2019,19,2018,13
GL,2019,2020.04.06,interior,865,316,s,0.2,30,2019,11,2018,13.5
GL,2019,2020.04.08,interior,838,316,t,1.2,76,2019,13,2018,14
GL,2019,2020.04.22,interior,877,316,r,0.6,38.5,2019,11.5,2018,14.5
GL,2019,2020.04.14,interior,839,316,t,1,80,2019,14,2018,15
GL,2019,2020.04.16,perimeter,831,316,s,0.8,65,2019,7.5,2018,16
GL,2019,2020.04.15,perimeter,806,316,t,1.1,102,2019,24,2018,16
GL,2019,2020.05.08,interior,850,316,s,0.4,45.5,2019,23,2018,16.5
GL,2019,2020.04.16,perimeter,827,316,t,1,80,2019,18,2018,17
GL,2019,2020.04.16,perimeter,830,316,t,0.75,60,2019,22,2018,17
GL,2019,2020.05.04,interior,847,316,s,0.3,48.5,2019,24,2018,17
GL,2019,2020.04.16,perimeter,831,316,t,0.8,77,2019,12,2018,18
GL,2019,2020.05.04,interior,853,316,s,0.4,52,2019,24,2018,19
GL,2019,2020.04.16,perimeter,826,316,t,0.5,41,2019,11,2018,19.5
GL,2019,2020.04.17,perimeter,820,316,t,1,102,2019,34.5,2018,20
GL,2019,2020.05.04,interior,848,316,s,0.25,50.5,2019,19.5,2018,20.5
GL,2019,2020.04.16,perimeter,835,316,s,0.4,62,2019,24,2018,20.9
GL,2019,2020.04.16,perimeter,832,316,r,1.25,110,2019,18,2018,21
GL,2019,2020.04.16,perimeter,827,316,s,0.25,40,2019,19,2018,22
GL,2019,2020.04.16,perimeter,831,316,t,1,78,2019,18,2018,22.5
GL,2019,2020.04.14,interior,839,316,t,0.75,80,2019,6,2018,23
GL,2019,2020.04.16,perimeter,832,316,s,0.25,44.5,2019,12,2018,24
GL,2019,2020.05.04,interior,848,316,s,0.7,54,2019,18,2018,25.5
GL,2019,2020.04.16,perimeter,826,316,t,0.75,57,2019,11.5,2018,26
GL,2019,2020.04.16,perimeter,829,316,t,1,80,2019,38,2018,27
GL,2019,2020.04.16,perimeter,832,316,r,0.6,77,2019,25.5,2018,30
GL,2019,2020.04.16,perimeter,831,316,r,1,86,2019,13,2018,32
GL,2019,2020.04.16,perimeter,829,316,t,1,95,2019,30,2018,32
GL,2019,2020.04.16,perimeter,832,316,t,0.75,71,2019,20,2018,34
GL,2019,2020.04.16,perimeter,832,316,t,0.8,77,2019,19,2018,37
GL,2019,2020.04.14,interior,840,316,s,0.6,65,2019,17,2018,39
GL,2019,2020.04.17,perimeter,822,316,t,1.1,108,2019,43,2018,48
GL,2019,2020.04.20,perimeter,815,316,t,1.2,89,2019,8,2018,54
GL,2019,2020.04.14,perimeter,801,318,s,0.5,68,2019,2,2018,1.5
GL,2019,2020.05.08,interior,855,318,t,1,74,2019,25,2018,2
GL,2019,2020.04.06,interior,865,318,s,0.2,12.5,2019,3,2018,3
GL,2019,2020.05.08,interior,851,318,s,0.2,19,2019,5.5,2018,4
GL,2019,2020.04.20,interior,875,318,t,0.75,51,2019,22,2018,5
GL,2019,2020.04.17,perimeter,822,318,s,0.75,39,2019,4,2018,6
GL,2019,2020.04.20,interior,873,318,t,1.25,77,2019,31,2018,6
GL,2019,2020.05.08,interior,850,318,s,0.2,16,2019,3,2018,7
GL,2019,2020.04.23,interior,856,318,s,0.25,33.5,2019,10,2018,7
GL,2019,2020.04.06,interior,863,318,s,0.2,25,2019,15,2018,7
GL,2019,2020.05.04,interior,846,318,t,0.6,72,2019,21.5,2018,7
GL,2019,2020.04.06,interior,865,318,s,0.2,23.5,2019,12,2018,8
GL,2019,2020.04.22,interior,870,318,t,0.25,39.5,2019,7,2018,9
GL,2019,2020.04.15,perimeter,807,318,t,0.5,53,2019,23.5,2018,10
GL,2019,2020.05.04,interior,846,318,s,0.5,39,2019,7,2018,11
GL,2019,2020.04.23,interior,856,318,s,0.25,37,2019,10,2018,11.5
GL,2019,2020.04.15,perimeter,806,318,t,0.75,63,2019,18,2018,12
GL,2019,2020.04.20,interior,876,318,t,0.75,52,2019,18,2018,13
GL,2019,2020.05.04,interior,853,318,s,0.5,59,2019,23,2018,13
GL,2019,2020.04.14,perimeter,802,318,t,0.5,83,2019,13,2018,14
GL,2019,2020.04.17,perimeter,822,318,t,0.6,38,2019,15,2018,14
GL,2019,2020.05.08,interior,850,318,t,0.6,51.5,2019,5.5,2018,15.5
GL,2019,2020.05.04,interior,844,318,s,0.25,34,2019,12,2018,15.5
GL,2019,2020.04.16,perimeter,830,318,t,0.8,75,2019,6.5,2018,16
GL,2019,2020.04.22,interior,878,318,s,0.4,28,2019,8,2018,16
GL,2019,2020.04.15,perimeter,807,318,r,0.4,48,2019,21,2018,16
GL,2019,2020.05.04,interior,853,318,t,0.5,72,2019,7,2018,17
GL,2019,2020.04.06,interior,857,318,t,0.9,84,2019,8,2018,17
GL,2019,2020.04.15,perimeter,809,318,t,1.1,76,2019,10,2018,17
GL,2019,2020.04.23,interior,861,318,t,0.6,73,2019,1,2018,18
GL,2019,2020.05.04,interior,845,318,t,1,65.5,2019,3.5,2018,18
GL,2019,2020.05.04,interior,847,318,t,0.25,43,2019,17.5,2018,18
GL,2019,2020.04.20,perimeter,816,318,t,1,98,2019,2,2018,19
GL,2019,2020.04.23,interior,859,318,t,1,79.5,2019,15,2018,19
GL,2019,2020.05.04,interior,844,318,r,0.3,41,2019,15.5,2018,19
GL,2019,2020.04.20,interior,868,318,t,1.25,101.5,2019,4,2018,20
GL,2019,2020.04.23,interior,859,318,t,0.6,59.5,2019,7,2018,20.5
GL,2019,2020.05.08,interior,850,318,t,0.75,48,2019,5,2018,21
GL,2019,2020.04.22,interior,860,318,t,0.6,71.5,2019,2,2018,21.5
GL,2019,2020.05.04,interior,853,318,t,0.75,68.5,2019,6,2018,22
GL,2019,2020.04.14,interior,842,318,t,1,88,2019,7.5,2018,22
GL,2019,2020.04.20,interior,868,318,t,0.75,91.5,2019,7.5,2018,22
GL,2019,2020.04.22,interior,860,318,t,0.75,66,2019,2,2018,22.5
GL,2019,2020.05.08,interior,851,318,t,1,79,2019,4,2018,23
GL,2019,2020.05.04,interior,845,318,t,0.8,79,2019,5,2018,23
GL,2019,2020.04.06,interior,836,318,t,0.75,47,2019,20,2018,23
GL,2019,2020.04.15,perimeter,808,318,t,0.8,63,2019,28,2018,23.5
GL,2019,2020.04.20,interior,876,318,t,0.3,45,2019,10,2018,24
GL,2019,2020.04.14,interior,841,318,t,0.5,54,2019,18,2018,24
GL,2019,2020.04.08,interior,837,318,t,1,84,2019,7,2018,25
GL,2019,2020.04.06,interior,857,318,t,0.8,60,2019,21,2018,25
GL,2019,2020.04.22,interior,878,318,t,0.75,77,2019,3.5,2018,26.5
GL,2019,2020.04.22,interior,870,318,t,0.5,55,2019,20,2018,27
GL,2019,2020.04.06,interior,837,318,t,0.75,63,2019,15,2018,29
GL,2019,2020.04.15,perimeter,808,318,t,0.75,66,2019,20,2018,29
GL,2019,2020.04.23,interior,861,318,t,0.5,69.5,2019,1,2018,30
GL,2019,2020.04.22,interior,872,318,t,0.5,58,2019,2,2018,31
GL,2019,2020.05.08,interior,851,318,t,0.5,69,2019,6,2018,31
GL,2019,2020.04.14,interior,841,318,t,0.6,64,2019,26,2018,31
GL,2019,2020.04.08,interior,836,318,t,0.75,68,2019,23,2018,33
GL,2019,2020.05.05,interior,852,318,t,0.6,61,2019,18.5,2018,36.5
GL,2019,2020.04.14,interior,843,318,t,0.75,29,2019,16,2018,51
GL,2019,2020.04.22,interior,860,356,s,0.6,96,2019,48,2018,41
GL,2019,2020.04.17,perimeter,819,356,r,0.4,60,2019,18,2018,9.5
GL,2019,2020.04.23,interior,858,356,s,0.6,82,2019,22.5,2018,22
GL,2019,2020.04.20,perimeter,816,356,r,0.3,76,2019,20,2018,25.5
GL,2019,2020.04.15,perimeter,809,372,s,0.75,52,2019,33,2018,13
GL,2019,2020.04.17,perimeter,822,372,t,0.75,78,2019,39,2018,16
GL,2019,2020.04.15,perimeter,810,372,s,0.75,98,2019,58.5,2018,24
GL,2019,2020.04.20,perimeter,815,372,s,0.5,64,2019,29,2018,26
GL,2019,2020.05.06,interior,866,372,s,0.75,73.5,2019,45,2018,28
GL,2019,2020.04.20,perimeter,815,372,t,1,108,2019,19.5,2018,62
GL,2019,2020.04.16,perimeter,825,375,s,5,61,2019,31.5,2018,9
GL,2019,2020.04.16,perimeter,831,375,s,0.75,77,2019,24,2018,16
GL,2019,2020.04.16,perimeter,827,375,s,0.6,71,2019,21,2018,21
GL,2019,2020.05.04,interior,854,531,s,1.5,70,2019,1,2018,1
GL,2019,2020.04.15,perimeter,811,531,t,1,40,2019,21,2018,1
GL,2019,2020.04.20,interior,876,531,r,0.2,16,2019,12.5,2018,2
GL,2019,2020.04.06,interior,862,531,t,0.2,21,2019,13,2018,2
GL,2019,2020.05.04,interior,854,531,s,1.35,78,2019,6,2018,3
GL,2019,2020.04.16,perimeter,829,531,s,1,55,2019,8.5,2018,3
GL,2019,2020.04.15,perimeter,810,531,s,1,63,2019,12,2018,3
GL,2019,2020.04.15,perimeter,811,531,r,1,53,2019,23,2018,3
GL,2019,2020.05.08,interior,855,531,r,0.5,42,2019,20,2018,3.5
GL,2019,2020.04.14,interior,842,531,r,1,70,2019,6,2018,4
GL,2019,2020.04.15,perimeter,810,531,s,1.1,67,2019,8,2018,4
GL,2019,2020.04.16,perimeter,830,531,s,1.75,118,2019,8.5,2018,4
GL,2019,2020.05.06,interior,866,531,r,0.2,15,2019,11,2018,4
GL,2019,2020.04.17,perimeter,818,531,t,0.3,23,2019,15,2018,4
GL,2019,2020.04.15,perimeter,805,531,t,0.6,39,2019,17,2018,4
GL,2019,2020.04.22,interior,869,531,t,0.25,28,2019,18,2018,4
GL,2019,2020.04.17,perimeter,819,531,r,0.5,40,2019,20,2018,4
GL,2019,2020.04.20,perimeter,816,531,t,0.5,35,2019,9.5,2018,4.5
GL,2019,2020.04.20,interior,867,531,s,1,75,2019,13,2018,4.5
GL,2019,2020.04.23,interior,856,531,s,0.6,36,2019,18,2018,4.5
GL,2019,2020.04.17,perimeter,819,531,r,0.4,25,2019,15,2018,5
GL,2019,2020.05.04,interior,854,531,t,0.5,32,2019,16.5,2018,5
GL,2019,2020.04.06,interior,864,531,s,0.75,28,2019,18,2018,5
GL,2019,2020.04.22,interior,877,531,t,0.5,32,2019,22,2018,5
GL,2019,2020.04.14,perimeter,803,531,t,0.25,30,2019,21,2018,5.25
GL,2019,2020.04.22,interior,869,531,r,0.3,30,2019,12,2018,5.5
GL,2019,2020.04.14,perimeter,803,531,r,0.5,36,2019,18,2018,5.75
GL,2019,2020.04.22,interior,877,531,s,1.6,102,2019,6.5,2018,6
GL,2019,2020.04.16,perimeter,828,531,t,0.2,16,2019,10,2018,6
GL,2019,2020.04.16,perimeter,825,531,t,0.4,33,2019,14,2018,6
GL,2019,2020.04.15,perimeter,810,531,r,1.25,56,2019,14,2018,6
GL,2019,2020.04.20,interior,875,531,t,0.3,23.5,2019,14.5,2018,6
GL,2019,2020.04.17,perimeter,821,531,r,0.6,50,2019,15,2018,6
GL,2019,2020.05.04,interior,849,531,t,0.25,36,2019,14,2018,6.5
GL,2019,2020.04.23,interior,856,531,r,0.25,26,2019,16,2018,6.5
GL,2019,2020.04.06,interior,863,531,t,0.25,29,2019,17.5,2018,6.5
GL,2019,2020.04.17,perimeter,820,531,t,0.5,43,2019,19,2018,6.5
GL,2019,2020.04.20,interior,873,531,t,0.15,15,2019,8,2018,7
GL,2019,2020.04.20,perimeter,814,531,s,0.25,21,2019,11,2018,7
GL,2019,2020.04.17,perimeter,820,531,t,0.2,25,2019,15,2018,7
GL,2019,2020.04.15,perimeter,805,531,t,0.6,47.5,2019,19,2018,7
GL,2019,2020.04.17,perimeter,819,531,r,0.5,36,2019,20,2018,7
GL,2019,2020.04.22,interior,879,531,t,0.6,36,2019,24,2018,7
GL,2019,2020.04.17,perimeter,817,531,r,0.3,38,2019,27,2018,7
GL,2019,2020.04.20,interior,876,531,s,0.15,20,2019,10.5,2018,7.5
GL,2019,2020.05.04,interior,845,531,t,0.35,39,2019,21,2018,7.5
GL,2019,2020.04.06,interior,864,531,s,1,66,2019,11.5,2018,8
GL,2019,2020.04.15,perimeter,804,531,t,0.25,23,2019,12,2018,8
GL,2019,2020.04.22,interior,878,531,r,0.5,28,2019,13,2018,8
GL,2019,2020.04.16,perimeter,828,531,s,0.25,25,2019,17,2018,8
GL,2019,2020.05.06,interior,866,531,t,0.5,26.5,2019,17,2018,8
GL,2019,2020.04.22,interior,871,531,r,0.25,31.5,2019,18,2018,8
GL,2019,2020.04.20,interior,867,531,s,1,53,2019,19,2018,8
GL,2019,2020.04.20,interior,867,531,s,0.75,52,2019,21.5,2018,8
GL,2019,2020.04.15,perimeter,806,531,r,0.6,39,2019,11,2018,8.5
GL,2019,2020.05.04,interior,854,531,r,0.5,28.5,2019,17.5,2018,8.5
GL,2019,2020.04.14,interior,841,531,t,2,62,2019,9,2018,9
GL,2019,2020.05.04,interior,845,531,t,0.25,24.5,2019,11,2018,9
GL,2019,2020.04.16,perimeter,831,531,t,0.5,27,2019,15,2018,9
GL,2019,2020.04.16,perimeter,827,531,t,0.25,28,2019,17,2018,9
GL,2019,2020.05.04,interior,854,531,s,1.25,60,2019,26,2018,9.5
GL,2019,2020.04.17,perimeter,817,531,s,0.25,23,2019,8.5,2018,10
GL,2019,2020.04.16,perimeter,828,531,r,0.25,25,2019,13,2018,10
GL,2019,2020.04.06,interior,865,531,t,0.25,32,2019,16,2018,10
GL,2019,2020.04.06,interior,864,531,s,0.8,43,2019,17,2018,10
GL,2019,2020.04.16,perimeter,827,531,t,0.5,25,2019,14.5,2018,10.5
GL,2019,2020.04.15,perimeter,809,531,t,0.6,32,2019,19,2018,10.5
GL,2019,2020.04.17,perimeter,822,531,t,0.5,34,2019,17,2018,11
GL,2019,2020.04.16,perimeter,825,531,s,0.8,46,2019,18,2018,11
GL,2019,2020.04.15,perimeter,808,531,t,0.4,35,2019,16,2018,12
GL,2019,2020.04.20,interior,867,531,t,0.3,31.5,2019,17,2018,12
GL,2019,2020.04.15,perimeter,808,531,s,1.75,90,2019,17.5,2018,12
GL,2019,2020.04.15,perimeter,806,531,s,1.2,89,2019,22,2018,12
GL,2019,2020.04.22,interior,871,531,r,0.5,42.5,2019,23,2018,12
GL,2019,2020.04.06,interior,865,531,t,0.5,41,2019,26,2018,12
GL,2019,2020.04.15,perimeter,807,531,t,0.75,44,2019,27,2018,12
GL,2019,2020.04.16,perimeter,829,531,t,0.5,34,2019,17.5,2018,13
GL,2019,2020.05.08,interior,855,531,r,1.1,74.5,2019,32,2018,13
GL,2019,2020.04.16,perimeter,825,531,t,0.4,31,2019,11.5,2018,14
GL,2019,2020.04.15,perimeter,806,531,s,1.5,120,2019,12,2018,14
GL,2019,2020.05.06,interior,866,531,t,0.75,40.5,2019,23.5,2018,14
GL,2019,2020.05.08,interior,855,531,r,0.6,43.5,2019,16,2018,15
GL,2019,2020.04.16,perimeter,831,531,t,0.75,35,2019,17,2018,15
GL,2019,2020.04.15,perimeter,812,531,r,0.75,41,2019,20,2018,15
GL,2019,2020.04.15,perimeter,811,531,r,0.75,38,2019,17.5,2018,15.5
GL,2019,2020.04.15,perimeter,809,531,t,0.75,45,2019,21,2018,15.5
GL,2019,2020.04.17,perimeter,821,531,t,0.6,45,2019,23,2018,15.5
GL,2019,2020.04.15,perimeter,807,531,t,0.6,44,2019,9,2018,16
GL,2019,2020.04.15,perimeter,805,531,r,0.5,39,2019,20,2018,18
GL,2019,2020.05.08,interior,855,531,t,0.75,49,2019,24,2018,18
GL,2019,2020.04.14,interior,840,531,t,0.5,49,2019,31,2018,18
GL,2019,2020.04.15,perimeter,812,531,r,0.3,45,2019,22.5,2018,19.5
GL,2019,2020.04.15,perimeter,811,531,r,1,38,2019,19.5,2018,20
GL,2019,2020.04.15,perimeter,811,531,r,0.75,52,2019,21.5,2018,20
GL,2019,2020.05.04,interior,849,531,t,1,66,2019,22.5,2018,23
GL,2019,2020.04.20,perimeter,814,541,s,0.15,11,2019,2.5,2018,1.5
GL,2019,2020.04.06,interior,857,541,s,0.6,36,2019,9,2018,4.5
GL,2019,2020.05.04,interior,844,541,s,0.4,42.5,2019,13.5,2018,5
GL,2019,2020.05.04,interior,844,541,s,0.5,41,2019,14.5,2018,5
GL,2019,2020.04.17,perimeter,817,541,s,0.3,31,2019,15.5,2018,5
GL,2019,2020.04.20,interior,876,541,s,0.2,14.5,2019,6,2018,5.5
GL,2019,2020.04.14,perimeter,803,541,s,0.75,59,2019,15.5,2018,5.5
GL,2019,2020.04.16,perimeter,834,541,s,0.25,36.5,2019,17.5,2018,6
GL,2019,2020.05.08,interior,851,541,s,1,77,2019,3,2018,6.5
GL,2019,2020.04.20,interior,873,541,r,0.2,17,2019,4,2018,7
GL,2019,2020.05.08,interior,855,541,s,0.5,40,2019,16,2018,7
GL,2019,2020.05.04,interior,846,541,s,0.5,39,2019,18,2018,8
GL,2019,2020.04.14,perimeter,803,541,s,0.75,53,2019,25,2018,8.5
GL,2019,2020.04.15,perimeter,807,541,s,0.75,58,2019,29,2018,8.5
GL,2019,2020.04.16,perimeter,832,541,t,0.75,71,2019,25.5,2018,9
GL,2019,2020.04.06,interior,865,541,s,0.75,50,2019,18,2018,10
GL,2019,2020.04.14,perimeter,803,541,s,1.25,81,2019,20.25,2018,10
GL,2019,2020.04.23,interior,858,541,s,0.5,44.5,2019,23.5,2018,10
GL,2019,2020.04.22,interior,869,541,s,0.25,44.5,2019,29.5,2018,10
GL,2019,2020.05.05,interior,852,541,s,1,91,2019,45,2018,10
GL,2019,2020.04.08,interior,836,541,s,0.5,24,2019,9.5,2018,10.5
GL,2019,2020.04.22,interior,872,541,s,0.5,54,2019,18,2018,10.5
GL,2019,2020.05.04,interior,848,541,s,0.5,30,2019,13,2018,11
GL,2019,2020.04.20,interior,868,541,s,0.6,60,2019,29,2018,12
GL,2019,2020.04.22,interior,870,541,s,1,70,2019,33,2018,12
GL,2019,2020.04.16,perimeter,833,541,s,0.5,33,2019,9,2018,13
GL,2019,2020.04.15,perimeter,806,541,s,0.5,43,2019,14,2018,13
GL,2019,2020.05.04,interior,845,541,s,0.75,70.5,2019,35.5,2018,13
GL,2019,2020.04.20,interior,876,541,s,0.3,27,2019,9.5,2018,14
GL,2019,2020.04.23,interior,859,541,s,0.6,47,2019,20,2018,14
GL,2019,2020.04.16,perimeter,828,541,t,1,80,2019,32,2018,14
GL,2019,2020.04.15,perimeter,807,541,s,0.8,50,2019,24,2018,15
GL,2019,2020.04.22,interior,860,541,s,0.75,64,2019,27,2018,15
GL,2019,2020.04.22,interior,869,541,s,0.3,32,2019,6.5,2018,16
GL,2019,2020.05.04,interior,848,541,s,0.75,46.5,2019,15,2018,16
GL,2019,2020.04.23,interior,861,541,s,1,62,2019,16,2018,16
GL,2019,2020.04.22,interior,879,541,s,0.75,48,2019,21,2018,16
GL,2019,2020.04.15,perimeter,809,541,t,0.75,51,2019,22,2018,16
GL,2019,2020.04.15,perimeter,804,541,s,0.6,60,2019,21,2018,16.5
GL,2019,2020.04.17,perimeter,821,541,s,0.5,31,2019,9,2018,17
GL,2019,2020.05.04,interior,854,541,s,0.6,40.5,2019,12.5,2018,17
GL,2019,2020.04.14,interior,842,541,s,0.5,57,2019,16,2018,17
GL,2019,2020.04.16,perimeter,833,541,s,0.75,46,2019,20.5,2018,17
GL,2019,2020.04.06,interior,857,541,t,0.75,53,2019,17,2018,17.5
GL,2019,2020.04.20,interior,868,541,s,0.6,53,2019,12,2018,18
GL,2019,2020.04.14,interior,841,541,s,0.6,44,2019,17,2018,18
GL,2019,2020.04.16,perimeter,823,541,s,0.5,48,2019,17,2018,18
GL,2019,2020.04.17,perimeter,821,541,s,0.6,54,2019,22,2018,18
GL,2019,2020.04.14,interior,843,541,t,0.75,72,2019,22,2018,18
GL,2019,2020.04.23,interior,861,541,s,0.75,77,2019,33.5,2018,19
GL,2019,2020.04.20,interior,873,541,t,1.1,66,2019,36,2018,19
GL,2019,2020.04.17,perimeter,818,541,s,0.4,37,2019,11.5,2018,19.5
GL,2019,2020.04.16,perimeter,823,541,s,0.5,50.5,2019,15.5,2018,20
GL,2019,2020.04.20,interior,875,541,s,0.5,43,2019,16,2018,20
GL,2019,2020.04.14,interior,840,541,s,0.5,39,2019,16.5,2018,20
GL,2019,2020.04.06,interior,862,541,s,0.5,51,2019,21,2018,20
GL,2019,2020.04.23,interior,861,541,s,0.6,54,2019,18,2018,20.5
GL,2019,2020.05.05,interior,852,541,s,0.75,74.5,2019,26.5,2018,20.5
GL,2019,2020.04.23,interior,858,541,t,1,58,2019,20,2018,21
GL,2019,2020.05.04,interior,853,541,s,0.75,38,2019,24.5,2018,22
GL,2019,2020.04.14,interior,839,541,s,0.75,65,2019,33,2018,22
GL,2019,2020.05.04,interior,849,541,t,1,76,2019,38,2018,22
GL,2019,2020.04.16,perimeter,833,541,s,0.75,52,2019,16.5,2018,23
GL,2019,2020.04.22,interior,878,541,s,1,64,2019,31,2018,23
GL,2019,2020.04.20,interior,868,541,s,0.8,83,2019,37,2018,23
GL,2019,2020.04.16,perimeter,835,541,s,0.8,90,2019,48,2018,23
GL,2019,2020.04.22,interior,878,541,s,0.75,62,2019,30.5,2018,23.5
GL,2019,2020.04.06,interior,863,541,s,0.5,51.5,2019,15,2018,24
GL,2019,2020.05.05,interior,852,541,s,1,84,2019,16,2018,25
GL,2019,2020.04.15,perimeter,805,541,s,0.5,57,2019,27,2018,25
GL,2019,2020.04.06,interior,862,541,s,0.6,57,2019,15,2018,25.5
GL,2019,2020.04.16,perimeter,823,541,s,0.8,69,2019,20,2018,25.5
GL,2019,2020.04.16,perimeter,824,541,s,0.6,60,2019,23,2018,26
GL,2019,2020.04.22,interior,860,541,s,0.8,75,2019,18.5,2018,27
GL,2019,2020.04.20,perimeter,816,541,s,0.5,48,2019,21,2018,27
GL,2019,2020.04.16,perimeter,835,541,r,0.75,64,2019,26,2018,27
GL,2019,2020.05.05,interior,852,541,s,1,74.5,2019,26,2018,27
GL,2019,2020.04.14,interior,840,541,s,0.5,57,2019,20.5,2018,28
GL,2019,2020.05.04,interior,845,541,s,1.75,102.5,2019,32.5,2018,29
GL,2019,2020.04.16,perimeter,823,541,s,0.75,72,2019,20,2018,32
GL,2019,2020.04.20,perimeter,814,541,t,1.1,66,2019,4,2018,35
GL,2019,2020.04.15,perimeter,804,541,t,1.2,87,2019,34,2018,35
GL,2019,2020.04.16,perimeter,828,541,t,1.1,104,2019,38,2018,39
GL,2019,2020.04.20,perimeter,814,541,t,1.2,83,2019,23,2018,50
GL,2019,2020.04.15,perimeter,808,541,s,1.1,94,2019,27,2018,52
GL,2019,2020.04.20,interior,876,621,s,0.25,22,2019,14,2018,7.5
GL,2019,2020.04.20,interior,868,621,s,0.25,44,2019,16,2018,7.5
GL,2019,2020.04.20,interior,875,621,s,0.25,37.5,2019,22.5,2018,15
GL,2019,2020.04.15,perimeter,812,621,s,0.75,55,2019,40,2018,15
GL,2019,2020.04.15,perimeter,812,621,s,0.6,52,2019,34,2018,17
GL,2019,2020.04.14,perimeter,801,740,s,0.25,55.5,2019,16,2018,8.75
GL,2019,2020.04.14,perimeter,802,740,s,0.75,92,2019,25,2018,11
GL,2019,2020.04.14,perimeter,802,740,s,0.75,91,2019,25.5,2018,17
GL,2019,2020.04.20,perimeter,816,762,s,1,84,2019,22,2018,2.5
GL,2019,2020.05.08,interior,851,762,s,0.25,36.5,2019,5.5,2018,10
GL,2019,2020.04.17,perimeter,820,762,s,0.75,69,2019,19,2018,10
GL,2019,2020.04.15,perimeter,805,762,s,0.25,52,2019,19.5,2018,11
GL,2019,2020.04.17,perimeter,817,762,s,1,70,2019,19.5,2018,13
GL,2019,2020.04.14,perimeter,801,762,s,0.5,70.5,2019,25,2018,13
GL,2019,2020.04.14,perimeter,801,762,t,1,91,2019,14.5,2018,17
GL,2019,2020.05.04,interior,847,762,t,0.25,50,2019,16,2018,18
GL,2019,2020.04.20,perimeter,816,762,s,1.1,100,2019,15,2018,20
GL,2019,2020.05.08,interior,851,762,t,1,96,2019,44.5,2018,21.5
GL,2019,2020.04.15,perimeter,804,762,s,0.4,64,2019,5,2018,23.5
GL,2019,2020.04.15,perimeter,809,762,s,1,88.5,2019,45,2018,24
GL,2019,2020.04.22,interior,872,762,s,0.8,92,2019,15,2018,25.5
GL,2019,2020.05.05,interior,852,762,s,0.75,67,2019,16,2018,26
GL,2019,2020.04.14,interior,842,762,t,1.2,110,2019,43,2018,29
GL,2019,2020.04.06,interior,838,762,s,1.5,88,2019,9,2018,31
GL,2019,2020.04.16,perimeter,835,762,s,0.75,64,2019,4,2018,33
GL,2019,2020.04.14,perimeter,802,762,s,0.75,88,2019,27,2018,40
GL,2019,2020.04.14,interior,839,762,s,1,94,2019,37,2018,41
GL,2019,2020.04.15,perimeter,804,762,s,0.75,103.5,2019,45,2018,41.5
GL,2019,2020.04.14,interior,839,762,s,1,95,2019,44,2018,45
GL,2019,2020.04.22,interior,877,833,s,0.2,13.5,2019,6.5,2018,2.5
GL,2019,2020.04.22,interior,872,833,s,0.25,28,2019,13,2018,4
GL,2019,2020.04.22,interior,879,833,s,0.5,38,2019,14,2018,4
GL,2019,2020.04.06,interior,864,833,s,0.2,19,2019,4,2018,4.5
GL,2019,2020.04.16,perimeter,829,833,s,0.25,22,2019,8,2018,4.5
GL,2019,2020.04.23,interior,859,833,s,0.25,25.5,2019,4.5,2018,5
GL,2019,2020.04.22,interior,870,833,s,0.15,16,2019,7,2018,5
GL,2019,2020.04.22,interior,879,833,s,0.25,22.5,2019,11,2018,5
GL,2019,2020.04.17,perimeter,817,833,s,0.25,31,2019,16,2018,5
GL,2019,2020.04.15,perimeter,810,833,s,0.25,22.5,2019,8,2018,5.5
GL,2019,2020.04.22,interior,872,833,s,0.2,26,2019,8,2018,5.5
GL,2019,2020.04.17,perimeter,819,833,s,0.4,27,2019,10,2018,5.5
GL,2019,2020.04.20,perimeter,814,833,s,0.5,36,2019,15,2018,6
GL,2019,2020.04.16,perimeter,826,833,t,0.8,56,2019,20,2018,6.5
GL,2019,2020.04.06,interior,838,833,s,0.75,25,2019,13,2018,7
GL,2019,2020.04.17,perimeter,817,833,s,0.5,43.5,2019,15.5,2018,7
GL,2019,2020.04.17,perimeter,818,833,s,0.25,28.5,2019,4.5,2018,7.5
GL,2019,2020.04.16,perimeter,835,833,s,0.75,64,2019,10,2018,7.5
GL,2019,2020.04.15,perimeter,813,833,s,0.25,30,2019,11,2018,7.5
GL,2019,2020.04.23,interior,858,833,s,0.5,28,2019,12.5,2018,8
GL,2019,2020.04.22,interior,872,833,t,0.2,33,2019,17.5,2018,8
GL,2019,2020.05.04,interior,849,833,s,0.2,45,2019,8.5,2018,9
GL,2019,2020.05.04,interior,853,833,s,0.6,54,2019,5,2018,9.5
GL,2019,2020.04.06,interior,836,833,s,0.75,48,2019,15,2018,10
GL,2019,2020.04.22,interior,869,833,s,0.5,47,2019,31,2018,10.5
GL,2019,2020.04.15,perimeter,810,833,s,0.25,36,2019,6,2018,11
GL,2019,2020.04.17,perimeter,818,833,s,0.5,46,2019,15.5,2018,11
GL,2019,2020.04.16,perimeter,830,833,t,1,66,2019,19,2018,11
GL,2019,2020.04.06,interior,836,833,s,0.9,50,2019,9,2018,11.5
GL,2019,2020.04.16,perimeter,824,833,s,0.25,34,2019,12,2018,12
GL,2019,2020.04.17,perimeter,819,833,s,0.5,37,2019,12.5,2018,13
GL,2019,2020.04.16,perimeter,823,833,s,0.5,51,2019,13.5,2018,13
GL,2019,2020.04.23,interior,861,833,s,0.25,43,2019,11.5,2018,14
GL,2019,2020.05.04,interior,849,833,s,0.25,49,2019,12.5,2018,14
GL,2019,2020.04.22,interior,871,833,s,0.6,46,2019,17.5,2018,14
GL,2019,2020.04.17,perimeter,821,833,s,0.5,43,2019,5,2018,15
GL,2019,2020.04.06,interior,838,833,s,0.5,34,2019,8,2018,15
GL,2019,2020.04.17,perimeter,818,833,s,0.5,71,2019,20.5,2018,15.5
GL,2019,2020.04.14,interior,842,833,s,0.6,74,2019,33,2018,16
GL,2019,2020.04.22,interior,871,833,s,0.5,42,2019,8,2018,17
GL,2019,2020.04.06,interior,836,833,s,0.75,41,2019,16,2018,17
GL,2019,2020.04.08,interior,838,833,t,0.8,41,2019,17,2018,17
GL,2019,2020.05.08,interior,850,833,s,0.75,55.5,2019,6,2018,18
GL,2019,2020.04.06,interior,838,833,s,1.1,54,2019,8.5,2018,18
GL,2019,2020.04.14,interior,841,833,s,0.3,61,2019,10,2018,19
GL,2019,2020.04.14,interior,841,833,s,0.75,69,2019,19,2018,20
GL,2019,2020.04.14,interior,841,833,s,1.1,77,2019,21,2018,20
GL,2019,2020.04.22,interior,871,833,s,0.6,49,2019,16,2018,21
GL,2019,2020.04.16,perimeter,827,833,t,1,62,2019,32,2018,21
GL,2019,2020.05.04,interior,847,833,s,0.5,70,2019,23.5,2018,22
GL,2019,2020.04.16,perimeter,830,833,t,1.1,86,2019,16,2018,23
GL,2019,2020.04.16,perimeter,830,833,t,1.5,94,2019,23.5,2018,28
GL,2019,2020.04.16,perimeter,833,833,s,0.6,67,2019,10.5,2018,37
GL,2019,2020.04.16,perimeter,835,901,r,1,80,2019,31,2018,30
GL,2019,2020.04.06,interior,863,951,s,1.25,61,2019,23,2018,10.5
GL,2019,2020.05.04,interior,844,951,s,0.75,56,2019,12,2018,11.5
GL,2019,2020.04.20,interior,875,951,s,0.6,46,2019,19,2018,12
GL,2019,2020.04.20,interior,867,951,s,0.5,38,2019,22,2018,12
GL,2019,2020.05.08,interior,850,951,s,0.5,41,2019,26,2018,13
GL,2019,2020.05.04,interior,847,951,s,1,62.5,2019,30.5,2018,15
GL,2019,2020.04.15,perimeter,813,951,s,0.75,46,2019,23,2018,15.5
GL,2019,2020.04.14,perimeter,802,951,s,1.75,96,2019,30,2018,17.5
GL,2019,2020.04.15,perimeter,813,951,s,0.75,56,2019,8,2018,21
GL,2019,2020.04.23,interior,856,951,t,2,111,2019,23,2018,30
GL,2019,2020.05.04,interior,844,951,r,1,64,2019,20.5,2018,32
RP,2019,2020.06.08,interior,340,129,s,0.3,15,2019,9,2018,1
RP,2019,2020.06.03,interior,338,129,s,0.5,17,2019,13,2018,4
RP,2019,2020.05.26,interior,337,129,s,0.25,9.5,2019,4,2018,5
RP,2019,2020.05.27,interior,334,129,s,0.25,13,2019,8,2018,5
RP,2019,2020.05.26,perimeter,880,316,s,0.25,32.5,2019,16,2018,2
RP,2019,2020.06.08,perimeter,889,316,s,0.15,21.5,2019,13,2018,3
RP,2019,2020.05.26,perimeter,881,316,s,0.25,23,2019,11,2018,4
RP,2019,2020.05.28,interior,345,316,s,0.25,29.5,2019,11.5,2018,4
RP,2019,2020.06.09,interior,344,316,s,0.15,22.5,2019,13,2018,6
RP,2019,2020.05.26,perimeter,880,316,s,0.15,21,2019,7,2018,7.5
RP,2019,2020.05.26,perimeter,882,316,t,0.9,58.5,2019,13,2018,8
RP,2019,2020.06.01,perimeter,884,316,s,0.2,25,2019,9,2018,9
RP,2019,2020.05.28,interior,347,316,t,0.7,46,2019,10.5,2018,9
RP,2019,2020.05.28,interior,345,316,s,0.25,24,2019,11,2018,9
RP,2019,2020.06.08,interior,340,316,s,0.15,20,2019,10,2018,10
RP,2019,2020.05.26,interior,337,316,s,0.6,33.5,2019,10,2018,10
RP,2019,2020.05.28,interior,347,316,s,0.2,24,2019,11,2018,10
RP,2019,2020.06.09,perimeter,891,316,s,0.25,30,2019,13,2018,10
RP,2019,2020.06.03,interior,338,316,s,0.4,33,2019,15.5,2018,10
RP,2019,2020.05.26,interior,341,316,s,0.25,29,2019,7,2018,11
RP,2019,2020.05.28,interior,346,316,s,0.6,63,2019,31,2018,11
RP,2019,2020.06.01,perimeter,885,316,s,0.15,19,2019,7.5,2018,11.5
RP,2019,2020.05.28,interior,348,316,t,0.6,51.5,2019,10,2018,11.5
RP,2019,2020.06.08,perimeter,887,316,s,0.25,31.5,2019,16,2018,12
RP,2019,2020.05.26,interior,337,316,s,0.75,48,2019,22,2018,12
RP,2019,2020.06.09,perimeter,891,316,t,0.75,59.5,2019,14,2018,12.5
RP,2019,2020.05.28,interior,348,316,s,0.5,46,2019,18.5,2018,12.5
RP,2019,2020.06.01,interior,335,316,t,0.4,41,2019,18,2018,13
RP,2019,2020.06.01,perimeter,884,316,t,1,66,2019,18,2018,14
RP,2019,2020.05.28,interior,346,316,s,0.25,37.5,2019,20.5,2018,14
RP,2019,2020.06.01,perimeter,883,316,s,0.5,38,2019,11,2018,15
RP,2019,2020.06.09,perimeter,892,316,t,3.7,48.5,2019,16,2018,15
RP,2019,2020.06.01,perimeter,885,316,s,0.2,25.5,2019,6.5,2018,15.5
RP,2019,2020.06.03,interior,339,316,s,1,70,2019,35,2018,16
RP,2019,2020.05.26,perimeter,882,316,s,0.5,44,2019,22.5,2018,17
RP,2019,2020.06.09,interior,342,316,t,0.5,43,2019,17,2018,19
RP,2019,2020.05.26,perimeter,881,316,t,0.75,86,2019,4,2018,20
RP,2019,2020.06.01,interior,336,316,t,1.25,107.5,2019,24,2018,21
RP,2019,2020.06.09,perimeter,890,316,t,0.6,50,2019,17.5,2018,26
RP,2019,2020.06.08,perimeter,888,316,t,0.8,60,2019,18.5,2018,26
RP,2019,2020.06.08,perimeter,887,316,t,1,89,2019,11,2018,30.5
RP,2019,2020.06.01,perimeter,883,316,s,0.5,50,2019,14,2018,32.5
RP,2019,2020.06.09,interior,344,316,t,0.7,64,2019,15,2018,36
RP,2019,2020.06.08,perimeter,888,316,t,0.7,65,2019,15.5,2018,40
RP,2019,2020.06.09,perimeter,890,318,s,0.2,9,2019,6.5,2018,2
RP,2019,2020.06.08,perimeter,889,318,s,0.1,8,2019,2.5,2018,5.5
RP,2019,2020.06.09,perimeter,891,318,s,0.2,15,2019,8,2018,6
RP,2019,2020.05.27,interior,334,318,s,0.15,15,2019,9,2018,6
RP,2019,2020.05.28,interior,346,318,s,0.2,14,2019,7,2018,7
RP,2019,2020.06.01,interior,335,318,t,0.2,38,2019,27,2018,10
RP,2019,2020.05.28,interior,345,318,s,0.2,29.5,2019,11.5,2018,11.5
RP,2019,2020.06.03,interior,338,318,s,0.25,31,2019,14,2018,13
RP,2019,2020.06.08,perimeter,886,318,t,0.5,54,2019,28,2018,26
RP,2019,2020.05.28,interior,345,375,s,0.5,54.5,2019,24,2018,18
RP,2019,2020.06.01,perimeter,884,375,s,0.7,67.5,2019,26.5,2018,23
RP,2019,2020.06.01,perimeter,885,375,s,0.5,60.5,2019,31,2018,24
RP,2019,2020.06.09,perimeter,890,375,s,0.7,71,2019,42,2018,29
RP,2019,2020.06.08,perimeter,888,531,t,0.25,9,2019,4,2018,3
RP,2019,2020.05.26,perimeter,881,531,s,0.25,17,2019,10,2018,3.5
RP,2019,2020.05.26,perimeter,880,531,r,0.4,18.5,2019,12,2018,3.5
RP,2019,2020.05.27,interior,334,531,s,0.65,30.5,2019,12.5,2018,3.5
RP,2019,2020.06.09,interior,342,531,t,0.4,18,2019,18.5,2018,4
RP,2019,2020.05.26,interior,337,531,s,0.15,13.5,2019,9,2018,4.5
RP,2019,2020.06.09,perimeter,891,531,t,0.3,23,2019,9,2018,4.5
RP,2019,2020.06.09,interior,343,531,r,0.2,17,2019,11,2018,4.5
RP,2019,2020.06.09,interior,344,531,s,0.75,39,2019,2.5,2018,5
RP,2019,2020.06.09,perimeter,892,531,t,0.6,25,2019,8,2018,5
RP,2019,2020.06.01,perimeter,883,531,r,0.25,24,2019,13.5,2018,5
RP,2019,2020.05.26,interior,341,531,r,0.25,15,2019,7,2018,6
RP,2019,2020.05.28,interior,348,531,t,0.25,20,2019,11,2018,6
RP,2019,2020.06.03,interior,339,531,s,0.5,23.5,2019,13,2018,6
RP,2019,2020.06.08,perimeter,888,531,t,0.2,17,2019,8.5,2018,7
RP,2019,2020.06.03,interior,338,531,s,1,43,2019,10,2018,7.5
RP,2019,2020.06.08,perimeter,889,531,r,0.15,15,2019,7,2018,8
RP,2019,2020.05.28,interior,345,531,t,0.65,22.5,2019,12,2018,8
RP,2019,2020.05.26,perimeter,881,531,r,0.25,28,2019,12,2018,8
RP,2019,2020.06.08,perimeter,887,531,t,1,52,2019,25,2018,8
RP,2019,2020.06.08,interior,340,531,s,0.6,29,2019,8.5,2018,8.5
RP,2019,2020.05.28,interior,347,531,r,0.15,19.5,2019,11,2018,8.5
RP,2019,2020.06.09,interior,343,531,r,0.25,22,2019,10,2018,12
RP,2019,2020.05.28,interior,347,531,r,0.15,24.5,2019,13,2018,12
RP,2019,2020.06.09,interior,344,531,t,0.6,29.5,2019,13,2018,12
RP,2019,2020.06.09,interior,342,531,r,0.4,32,2019,18,2018,14
RP,2019,2020.06.08,perimeter,889,541,s,0.25,17.5,2019,7.5,2018,4
RP,2019,2020.05.28,interior,346,541,s,0.6,32,2019,15,2018,4
RP,2019,2020.06.08,perimeter,889,541,s,0.25,17,2019,9,2018,4.5
RP,2019,2020.05.27,interior,334,541,s,0.2,20,2019,10.5,2018,5.5
RP,2019,2020.06.09,perimeter,892,541,s,0.6,52,2019,25,2018,6
RP,2019,2020.05.26,perimeter,881,541,s,1,45.5,2019,22,2018,6.5
RP,2019,2020.06.09,interior,342,541,s,0.5,35,2019,21,2018,8
RP,2019,2020.06.03,interior,338,541,s,0.35,23,2019,11,2018,10
RP,2019,2020.06.09,interior,343,541,s,0.5,30,2019,16,2018,10
RP,2019,2020.05.28,interior,348,541,s,0.25,31,2019,7.5,2018,10.5
RP,2019,2020.05.26,perimeter,880,541,t,0.4,41,2019,23,2018,11
RP,2019,2020.06.01,interior,335,541,s,0.25,32.5,2019,20,2018,12
RP,2019,2020.05.28,interior,345,541,s,0.6,39,2019,16,2018,14
RP,2019,2020.06.01,perimeter,883,541,s,0.6,57,2019,28.5,2018,16
RP,2019,2020.05.28,interior,347,541,s,0.5,37,2019,15,2018,17.5
RP,2019,2020.06.09,perimeter,890,541,s,0.75,49,2019,29,2018,20
RP,2019,2020.06.03,interior,339,541,s,0.7,50.5,2019,29,2018,21
RP,2019,2020.06.01,interior,336,541,s,0.75,75,2019,48,2018,22
RP,2019,2020.06.08,perimeter,889,541,s,0.6,50.5,2019,20,2018,27
RP,2019,2020.06.08,interior,340,541,s,0.65,64,2019,31.5,2018,28.5
RP,2019,2020.06.01,perimeter,885,621,s,0.2,22.5,2019,5,2018,16
RP,2019,2020.06.08,perimeter,886,621,s,0.5,56,2019,36,2018,20
RP,2019,2020.05.26,interior,341,762,s,0.15,17,2019,14,2018,3
RP,2019,2020.06.09,perimeter,891,762,s,0.2,24,2019,9.5,2018,6
RP,2019,2020.06.03,interior,339,762,s,0.75,63,2019,18.5,2018,10.5
RP,2019,2020.05.28,interior,346,762,s,0.6,49,2019,13,2018,12.5
RP,2019,2020.05.26,interior,341,762,s,0.4,49,2019,22.5,2018,15
RP,2019,2020.06.08,perimeter,888,762,s,0.25,25.5,2019,7,2018,18
RP,2019,2020.06.01,interior,336,762,s,0.7,71.5,2019,41,2018,20
RP,2019,2020.05.26,interior,341,802,s,0.2,15,2019,5,2018,3.5
RP,2019,2020.05.28,interior,348,802,s,0.6,17,2019,7,2018,4
RP,2019,2020.06.01,interior,336,802,s,0.15,16.5,2019,6.5,2018,5.5
RP,2019,2020.06.03,interior,339,802,s,0.5,31,2019,5,2018,8
RP,2019,2020.06.09,interior,342,832,s,0.15,14,2019,8,2018,3
RP,2019,2020.06.09,perimeter,890,832,s,0.3,23,2019,9,2018,3
RP,2019,2020.06.09,interior,343,832,s,0.25,28,2019,20,2018,4.5
RP,2019,2020.05.27,interior,334,832,s,0.25,27.5,2019,13,2018,5
RP,2019,2020.05.26,perimeter,880,832,s,0.3,29,2019,16.5,2018,6.5
RP,2019,2020.06.01,perimeter,884,832,s,0.25,16,2019,2,2018,7
RP,2019,2020.06.01,perimeter,885,832,s,0.2,13.5,2019,6,2018,7
RP,2019,2020.06.09,interior,344,832,s,0.5,39.5,2019,10,2018,7
RP,2019,2020.06.01,perimeter,884,832,s,0.6,47,2019,16,2018,7
RP,2019,2020.05.26,interior,341,832,s,0.25,26.5,2019,6.5,2018,7.5
RP,2019,2020.06.08,interior,340,832,s,0.7,45.5,2019,14,2018,8
RP,2019,2020.05.26,interior,337,832,s,0.6,45,2019,13,2018,9
RP,2019,2020.06.01,interior,336,832,s,0.3,44,2019,17,2018,10
RP,2019,2020.06.09,perimeter,892,832,s,0.5,33.5,2019,8,2018,11.5
RP,2019,2020.05.26,perimeter,882,833,s,0.6,23,2019,14.5,2018,3.5
RP,2019,2020.06.09,perimeter,892,833,s,0.3,18.5,2019,8.5,2018,5
RP,2019,2020.06.08,perimeter,887,833,s,0.25,23.5,2019,14,2018,5
RP,2019,2020.06.09,perimeter,890,833,s,0.2,16.5,2019,4.5,2018,5.5
RP,2019,2020.05.26,interior,341,833,s,0.2,17.5,2019,9,2018,5.5
RP,2019,2020.06.01,perimeter,883,833,s,0.6,29.5,2019,6,2018,6
RP,2019,2020.05.27,interior,334,833,s,0.75,53,2019,15.5,2018,6.5
RP,2019,2020.05.26,perimeter,881,833,s,0.4,26,2019,4,2018,7
RP,2019,2020.06.08,perimeter,889,833,s,0.2,17.5,2019,8,2018,7
RP,2019,2020.06.08,perimeter,887,833,t,0.6,45,2019,19.5,2018,8
RP,2019,2020.06.03,interior,338,833,s,0.5,38.5,2019,12,2018,8.5
RP,2019,2020.05.28,interior,346,833,s,0.5,41,2019,11.5,2018,10
RP,2019,2020.06.01,perimeter,885,833,s,0.2,28.5,2019,9.5,2018,11
RP,2019,2020.06.09,interior,343,833,s,0.5,27.5,2019,9,2018,11.5
RP,2019,2020.06.01,perimeter,883,833,t,0.5,65.5,2019,27.5,2018,11.5
RP,2019,2020.06.01,perimeter,884,833,s,0.65,31,2019,4,2018,12
RP,2019,2020.05.26,perimeter,880,833,s,0.4,27.5,2019,3,2018,13.5
RP,2019,2020.05.28,interior,347,833,s,0.7,45.5,2019,16,2018,14
RP,2019,2020.06.08,perimeter,886,833,s,0.5,35,2019,14.5,2018,14.5
RP,2019,2020.06.03,interior,339,833,s,0.6,41.5,2019,11.5,2018,15
RP,2019,2020.06.08,interior,340,833,s,0.5,58,2019,23,2018,16
RP,2019,2020.06.09,perimeter,891,833,s,0.75,65,2019,26,2018,17
RP,2019,2020.05.28,interior,348,833,s,0.75,46,2019,8,2018,18
RP,2019,2020.06.09,interior,344,833,s,0.75,45.5,2019,6.5,2018,19
W,2019,2020.06.23,interior,377,316,s,0.1,15.5,2019,8,2018,7.5
W,2019,2020.06.23,perimeter,975,316,t,0.8,71,2019,21,2018,9
W,2019,2020.06.25,interior,382,316,s,0.1,24.5,2019,12.5,2018,12
W,2019,2020.06.29,interior,374,316,t,0.95,64.5,2019,26.5,2018,16.5
W,2019,2020.06.25,perimeter,969,316,t,0.7,68,2019,33.5,2018,22.5
W,2019,2020.06.29,interior,374,316,t,0.9,81.5,2019,36,2018,28
W,2019,2020.06.23,perimeter,968,316,t,0.7,83,2019,9,2018,36
W,2019,2020.06.29,perimeter,973,318,t,0.3,45,2019,24,2018,15
W,2019,2020.06.29,perimeter,973,318,t,0.45,47,2019,26,2018,18.5
W,2019,2020.06.26,interior,378,318,t,0.7,66,2019,29,2018,19
W,2019,2020.06.26,interior,379,318,t,0.7,63.5,2019,28.5,2018,24
W,2019,2020.06.29,interior,374,372,s,0.2,29,2019,26,2018,3
W,2019,2020.06.25,perimeter,969,372,s,0.2,30.5,2019,26,2018,4.5
W,2019,2020.06.26,interior,378,372,s,0.15,26,2019,21,2018,5
W,2019,2020.06.23,perimeter,967,372,r,0.2,37.5,2019,31.5,2018,6
W,2019,2020.06.29,perimeter,973,372,s,0.25,42,2019,36,2018,6
W,2019,2020.06.23,perimeter,975,372,s,0.15,26,2019,19,2018,7
W,2019,2020.06.25,interior,382,372,s,0.5,26,2019,19,2018,7
W,2019,2020.06.23,interior,373,372,s,0.2,29.5,2019,22,2018,7
W,2019,2020.06.29,interior,371,372,s,0.25,24.5,2019,14,2018,7.5
W,2019,2020.06.29,interior,374,372,s,0.25,31.5,2019,21,2018,8
W,2019,2020.06.29,interior,371,372,s,0.25,33,2019,25,2018,8
W,2019,2020.06.23,perimeter,966,372,s,0.15,34,2019,26,2018,8
W,2019,2020.06.26,perimeter,972,372,s,0.4,54,2019,38,2018,8
W,2019,2020.06.23,perimeter,967,372,s,0.2,33.5,2019,25,2018,8.5
W,2019,2020.06.29,interior,370,372,s,0.2,36.5,2019,28,2018,8.5
W,2019,2020.06.26,interior,375,372,s,0.2,43,2019,27,2018,9
W,2019,2020.06.23,perimeter,967,372,s,0.2,36,2019,26.5,2018,9.5
W,2019,2020.06.29,interior,372,372,s,0.2,35,2019,19.5,2018,10
W,2019,2020.06.29,interior,370,372,s,0.25,36,2019,26,2018,10
W,2019,2020.06.26,perimeter,971,372,s,0.25,44.5,2019,34.5,2018,10
W,2019,2020.06.29,interior,372,372,s,0.2,36.5,2019,22.5,2018,12
W,2019,2020.06.23,interior,380,372,s,0.25,43,2019,29,2018,13
W,2019,2020.06.26,perimeter,972,372,s,0.4,55,2019,32,2018,13
W,2019,2020.06.23,interior,373,372,s,0.3,41.5,2019,25,2018,15
W,2019,2020.06.23,interior,374,372,s,0.25,52,2019,28,2018,18
W,2019,2020.06.26,interior,379,372,s,0.25,51,2019,33,2018,18
W,2019,2020.06.26,perimeter,972,372,s,0.2,57,2019,39,2018,18
W,2019,2020.06.23,interior,380,372,s,0.25,47.5,2019,13.5,2018,23.5
W,2019,2020.06.23,perimeter,968,372,s,0.9,86,2019,41,2018,32
W,2019,2020.06.29,interior,371,531,r,0.5,21,2019,8.5,2018,1
W,2019,2020.06.25,interior,382,531,s,0.3,25.5,2019,1,2018,2
W,2019,2020.06.23,interior,374,531,t,0.15,18,2019,8,2018,2
W,2019,2020.06.23,perimeter,967,531,r,0.25,23,2019,12,2018,2
W,2019,2020.06.25,perimeter,970,531,s,1.5,116,2019,4.5,2018,2.5
W,2019,2020.06.23,perimeter,975,531,r,0.5,33,2019,12,2018,2.5
W,2019,2020.06.25,perimeter,970,531,s,0.9,53,2019,11,2018,3
W,2019,2020.06.23,interior,374,531,s,0.5,39,2019,5.5,2018,4
W,2019,2020.06.29,interior,371,531,t,0.25,17.5,2019,8,2018,4
W,2019,2020.06.29,interior,371,531,t,0.25,15,2019,9,2018,4
W,2019,2020.06.23,perimeter,975,531,r,0.25,27,2019,13,2018,4
W,2019,2020.06.23,interior,381,531,t,0.7,22.5,2019,14,2018,4
W,2019,2020.06.26,interior,375,531,t,0.2,22.5,2019,16,2018,4
W,2019,2020.06.23,perimeter,968,531,r,0.9,56.5,2019,18.5,2018,4
W,2019,2020.06.25,perimeter,969,531,r,0.1,12.5,2019,8,2018,4.5
W,2019,2020.06.25,interior,382,531,r,0.25,24,2019,4.5,2018,5
W,2019,2020.06.25,perimeter,969,531,r,0.1,10.5,2019,5.5,2018,5
W,2019,2020.06.26,interior,375,531,r,0.2,15,2019,6,2018,5
W,2019,2020.06.23,perimeter,975,531,r,0.3,22,2019,11,2018,5
W,2019,2020.06.23,interior,377,531,r,0.7,35,2019,12.5,2018,5
W,2019,2020.06.23,interior,373,531,r,0.7,22.5,2019,13,2018,5
W,2019,2020.06.23,interior,373,531,r,0.5,25,2019,15,2018,5
W,2019,2020.06.25,perimeter,970,531,t,0.25,12,2019,2.5,2018,6
W,2019,2020.06.23,interior,377,531,r,0.25,20,2019,5,2018,6
W,2019,2020.06.29,interior,374,531,r,0.25,22.5,2019,8,2018,6
W,2019,2020.06.23,interior,381,531,s,1,54,2019,16.5,2018,6
W,2019,2020.06.23,interior,373,531,r,0.5,18.5,2019,12,2018,6.5
W,2019,2020.06.29,perimeter,973,531,t,0.15,19.5,2019,11.5,2018,8
W,2019,2020.06.26,interior,375,531,r,0.25,26.5,2019,15,2018,8
W,2019,2020.06.29,perimeter,973,531,r,0.25,24.5,2019,9,2018,9
W,2019,2020.06.23,interior,373,531,r,0.5,21,2019,4,2018,11
W,2019,2020.06.26,interior,378,541,s,0.25,21,2019,11,2018,2.5
W,2019,2020.06.26,interior,378,541,s,0.25,27.5,2019,20.5,2018,3.5
W,2019,2020.06.25,perimeter,970,541,s,0.25,21.5,2019,12,2018,4
W,2019,2020.06.23,interior,381,541,s,0.2,22,2019,10,2018,5.5
W,2019,2020.06.26,interior,375,541,s,0.2,17.5,2019,12,2018,5.5
W,2019,2020.06.23,interior,380,541,s,0.25,32,2019,19,2018,8
W,2019,2020.06.23,perimeter,968,541,s,0.2,31,2019,21,2018,8
W,2019,2020.06.26,perimeter,971,541,s,0.2,31.5,2019,20,2018,10
W,2019,2020.06.25,interior,382,541,s,0.15,19.5,2019,9,2018,10.5
W,2019,2020.06.26,interior,375,541,s,0.2,27.5,2019,16.5,2018,11
W,2019,2020.06.23,interior,380,541,s,0.25,34,2019,19,2018,13
W,2019,2020.06.25,interior,383,762,s,0.2,33,2019,16,2018,11
W,2019,2020.06.25,interior,383,762,s,0.2,32.5,2019,7,2018,12.5
W,2019,2020.06.25,interior,383,951,t,1.6,127,2019,47,2018,32
W,2019,2020.06.26,interior,379,951,t,1.25,100,2019,38,2018,33
W,2019,2020.06.23,perimeter,968,951,t,1.75,158,2019,58,2018,52
W,2019,2020.06.26,perimeter,971,951,t,1.1,118,2019,64.5,2018,53.5
