harvest,location,point,spp,origin,sup.seed01A,sup.seed02A,sup.seed03A,sup.saplA,exp.seed01A,exp.seed02A,exp.seed03A,exp.saplA,suppressed,exposed,top4A
boot,interior,349,372,s,7089.85093744189,0,0,0,1012.8358482059843,0,0,0,7089.85093744189,1012.8358482059843,0
boot,interior,349,541,s,0,0,0,0,1012.8358482059843,0,0,0,0,1012.8358482059843,385.1589656094425
boot,interior,350,316,s,1012.8358482059843,0,0,0,0,0,0,0,1012.8358482059843,0,0
boot,interior,350,372,s,0,0,0,0,2025.6716964119687,0,0,0,0,2025.6716964119687,0
boot,interior,350,531,r,0,0,0,0,8102.686785647875,385.1589656094425,0,0,0,8487.845751257317,1155.4768968283274
boot,interior,350,541,s,1012.8358482059843,0,0,0,3038.507544617953,0,0,0,1012.8358482059843,3038.507544617953,0
boot,interior,350,761,s,0,0,0,0,1012.8358482059843,0,0,0,0,1012.8358482059843,385.1589656094425
boot,interior,351,372,s,0,0,0,0,9115.52263385386,0,0,0,0,9115.52263385386,0
boot,interior,352,315,s,1012.8358482059843,0,0,0,0,0,0,0,1012.8358482059843,0,0
boot,interior,352,316,s,3038.507544617953,0,0,0,0,0,0,0,3038.507544617953,0,0
boot,interior,352,372,s,0,0,0,0,0,385.1589656094425,0,0,0,385.1589656094425,0
boot,interior,353,372,s,5064.179241029922,0,0,0,13166.866026677797,0,0,0,5064.179241029922,13166.866026677797,1155.4768968283274
boot,interior,353,746,s,0,0,0,0,1012.8358482059843,0,0,0,0,1012.8358482059843,385.1589656094425
boot,interior,354,372,s,5064.179241029922,0,0,0,0,0,0,0,5064.179241029922,0,0
boot,interior,355,316,s,14179.70187488378,0,0,0,1012.8358482059843,0,0,0,14179.70187488378,1012.8358482059843,0
boot,interior,355,316,t,0,0,0,0,0,1540.63586243777,0,0,0,1540.63586243777,0
boot,interior,355,372,s,1012.8358482059843,0,0,0,6077.015089235906,0,0,0,1012.8358482059843,6077.015089235906,0
boot,interior,355,541,s,2025.6716964119687,0,0,0,0,0,0,0,2025.6716964119687,0,0
boot,interior,355,761,s,0,0,0,0,0,770.317931218885,2310.953793656655,385.1589656094425,0,3466.4306904849823,1540.63586243777
boot,interior,356,001,u,0,0,0,0,0,0,0,0,0,0,0
boot,interior,357,372,s,1012.8358482059843,0,0,0,0,385.1589656094425,0,0,1012.8358482059843,385.1589656094425,385.1589656094425
boot,interior,358,316,s,1012.8358482059843,0,0,0,0,0,0,0,1012.8358482059843,0,0
boot,interior,358,379,s,2025.6716964119687,0,0,0,0,770.317931218885,0,0,2025.6716964119687,770.317931218885,770.317931218885
boot,interior,359,541,s,2025.6716964119687,0,0,0,0,0,0,0,2025.6716964119687,0,0
boot,interior,359,761,s,0,770.317931218885,0,0,0,1540.63586243777,2696.1127592660973,0,770.317931218885,4236.748621703868,1540.63586243777
boot,interior,360,372,s,0,0,0,0,2025.6716964119687,0,0,0,0,2025.6716964119687,0
boot,interior,360,761,s,0,0,0,0,5064.179241029922,3466.4306904849823,0,0,0,8530.609931514904,1540.63586243777
boot,interior,361,541,s,0,0,0,0,2025.6716964119687,0,0,0,0,2025.6716964119687,770.317931218885
boot,interior,362,541,s,21269.55281232567,0,0,0,0,0,0,0,21269.55281232567,0,0
boot,interior,362,761,s,0,0,0,0,0,0,770.317931218885,0,0,770.317931218885,770.317931218885
boot,interior,363,001,u,0,0,0,0,0,0,0,0,0,0,0
boot,interior,364,316,s,1012.8358482059843,0,0,0,0,0,0,0,1012.8358482059843,0,0
boot,interior,364,541,s,1012.8358482059843,0,0,0,2025.6716964119687,0,0,0,1012.8358482059843,2025.6716964119687,0
boot,interior,364,761,s,0,0,0,0,0,3851.5896560944248,0,0,0,3851.5896560944248,1540.63586243777
boot,interior,365,372,s,1012.8358482059843,0,0,0,0,0,0,0,1012.8358482059843,0,0
boot,interior,365,541,s,9115.52263385386,0,0,0,0,0,0,0,9115.52263385386,0,0
boot,interior,365,761,s,0,0,0,0,0,385.1589656094425,385.1589656094425,0,0,770.317931218885,770.317931218885
boot,interior,365,951,t,2025.6716964119687,0,0,0,0,770.317931218885,0,0,2025.6716964119687,770.317931218885,770.317931218885
boot,interior,366,372,s,1012.8358482059843,0,0,0,6077.015089235906,1155.4768968283274,0,0,1012.8358482059843,7232.491986064233,1540.63586243777
boot,interior,366,372,t,0,0,0,0,2025.6716964119687,0,0,0,0,2025.6716964119687,0
boot,interior,366,531,r,0,0,0,0,2025.6716964119687,0,0,0,0,2025.6716964119687,0
boot,interior,367,372,s,1012.8358482059843,0,0,0,0,0,0,0,1012.8358482059843,0,0
boot,interior,367,531,s,1012.8358482059843,0,0,0,0,0,0,0,1012.8358482059843,0,0
boot,interior,367,541,s,1012.8358482059843,0,0,0,0,0,0,0,1012.8358482059843,0,0
boot,interior,367,951,t,4051.3433928239374,0,0,0,0,4621.90758731331,0,0,4051.3433928239374,4621.90758731331,1540.63586243777
boot,interior,368,316,t,0,0,0,0,0,385.1589656094425,0,0,0,385.1589656094425,385.1589656094425
boot,interior,368,541,s,0,0,0,0,2025.6716964119687,0,0,0,0,2025.6716964119687,0
boot,interior,368,761,s,0,0,0,0,1012.8358482059843,0,0,0,0,1012.8358482059843,0
boot,interior,369,316,s,4051.3433928239374,0,0,0,0,0,0,0,4051.3433928239374,0,0
boot,interior,369,372,s,10128.358482059844,0,0,0,27346.56790156158,0,0,0,10128.358482059844,27346.56790156158,1540.63586243777
boot,interior,369,531,r,4051.3433928239374,0,0,0,0,0,0,0,4051.3433928239374,0,0
boot,interior,369,531,s,0,0,0,0,1012.8358482059843,0,0,0,0,1012.8358482059843,0
boot,interior,369,541,s,1012.8358482059843,0,0,0,0,0,0,0,1012.8358482059843,0,0
boot,perimeter,950,001,u,0,0,0,0,0,0,0,0,0,0,0
boot,perimeter,951,372,r,8102.686785647875,0,0,0,3038.507544617953,385.1589656094425,0,0,8102.686785647875,3423.6665102273955,0
boot,perimeter,951,372,s,4051.3433928239374,0,0,0,11141.194330265827,385.1589656094425,0,0,4051.3433928239374,11526.35329587527,0
boot,perimeter,951,761,s,1012.8358482059843,0,0,0,0,0,1540.63586243777,0,1012.8358482059843,1540.63586243777,1540.63586243777
boot,perimeter,952,372,s,1012.8358482059843,0,0,0,4051.3433928239374,0,0,0,1012.8358482059843,4051.3433928239374,0
boot,perimeter,952,531,s,1012.8358482059843,0,0,0,0,0,0,0,1012.8358482059843,0,0
boot,perimeter,952,541,s,1012.8358482059843,0,0,0,0,0,0,0,1012.8358482059843,0,0
boot,perimeter,953,316,t,4051.3433928239374,0,0,0,0,1540.63586243777,0,0,4051.3433928239374,1540.63586243777,1155.4768968283274
boot,perimeter,953,318,s,1012.8358482059843,0,0,0,0,0,0,0,1012.8358482059843,0,0
boot,perimeter,953,372,s,2025.6716964119687,0,0,0,1012.8358482059843,0,0,0,2025.6716964119687,1012.8358482059843,0
boot,perimeter,953,541,s,3038.507544617953,0,0,0,1012.8358482059843,0,0,0,3038.507544617953,1012.8358482059843,0
boot,perimeter,953,761,s,0,0,0,0,0,385.1589656094425,0,0,0,385.1589656094425,385.1589656094425
boot,perimeter,954,541,s,1012.8358482059843,0,0,0,1012.8358482059843,0,0,0,1012.8358482059843,1012.8358482059843,0
boot,perimeter,954,761,s,0,0,0,0,1012.8358482059843,385.1589656094425,0,0,0,1397.9948138154268,770.317931218885
boot,perimeter,955,761,s,1012.8358482059843,0,0,0,1012.8358482059843,770.317931218885,0,0,1012.8358482059843,1783.1537794248693,1155.4768968283274
boot,perimeter,955,951,s,0,0,0,0,1012.8358482059843,0,0,0,0,1012.8358482059843,385.1589656094425
boot,perimeter,956,372,s,0,0,0,0,7089.85093744189,0,0,0,0,7089.85093744189,0
boot,perimeter,956,746,s,0,0,0,0,1012.8358482059843,0,0,0,0,1012.8358482059843,0
boot,perimeter,957,761,s,0,0,0,0,0,770.317931218885,770.317931218885,0,0,1540.63586243777,1540.63586243777
boot,perimeter,958,372,s,0,0,0,0,1012.8358482059843,0,0,0,0,1012.8358482059843,0
boot,perimeter,958,372,s,10128.358482059844,0,0,0,15192.537723089765,0,0,0,10128.358482059844,15192.537723089765,0
boot,perimeter,958,541,s,1012.8358482059843,0,0,0,0,0,0,0,1012.8358482059843,0,0
boot,perimeter,958,761,s,0,0,0,0,0,2696.1127592660973,0,0,0,2696.1127592660973,1540.63586243777
boot,perimeter,959,372,s,2025.6716964119687,0,0,0,9115.52263385386,0,0,0,2025.6716964119687,9115.52263385386,0
boot,perimeter,959,375,s,0,0,0,0,0,385.1589656094425,0,0,0,385.1589656094425,0
boot,perimeter,959,541,s,1012.8358482059843,0,0,0,1012.8358482059843,0,0,0,1012.8358482059843,1012.8358482059843,0
boot,perimeter,959,761,s,0,0,0,0,7089.85093744189,8088.3382777982915,0,0,0,15178.189215240182,1540.63586243777
boot,perimeter,959,762,s,1012.8358482059843,0,0,0,0,0,0,0,1012.8358482059843,0,0
boot,perimeter,959,763,s,1012.8358482059843,0,0,0,0,0,0,0,1012.8358482059843,0,0
boot,perimeter,960,541,s,10128.358482059844,0,0,0,0,0,0,0,10128.358482059844,0,0
boot,perimeter,960,761,s,0,0,0,0,1012.8358482059843,1925.7948280472124,770.317931218885,0,0,3708.9486074720817,1540.63586243777
boot,perimeter,961,001,u,0,0,0,0,0,0,0,0,0,0,0
boot,perimeter,962,372,s,1012.8358482059843,0,0,0,0,0,0,0,1012.8358482059843,0,0
boot,perimeter,962,761,s,2025.6716964119687,0,0,0,0,0,0,0,2025.6716964119687,0,0
boot,perimeter,963,372,s,1012.8358482059843,0,0,0,4051.3433928239374,0,0,0,1012.8358482059843,4051.3433928239374,0
boot,perimeter,963,746,s,1012.8358482059843,0,0,0,3038.507544617953,0,0,0,1012.8358482059843,3038.507544617953,770.317931218885
boot,perimeter,964,372,s,3038.507544617953,0,0,0,4051.3433928239374,0,0,0,3038.507544617953,4051.3433928239374,1155.4768968283274
boot,perimeter,964,761,s,0,0,0,0,0,385.1589656094425,0,0,0,385.1589656094425,385.1589656094425
boot,perimeter,965,315,s,0,0,0,0,0,770.317931218885,0,0,0,770.317931218885,770.317931218885
boot,perimeter,965,315,t,0,0,0,0,1012.8358482059843,385.1589656094425,0,0,0,1397.9948138154268,385.1589656094425
boot,perimeter,965,318,s,0,0,0,0,2025.6716964119687,0,0,0,0,2025.6716964119687,0
boot,perimeter,965,372,s,2025.6716964119687,0,0,0,17218.209419501734,385.1589656094425,0,0,2025.6716964119687,17603.36838511118,385.1589656094425
boot,perimeter,965,541,s,0,0,0,0,2025.6716964119687,0,0,0,0,2025.6716964119687,0
cgl,control,729,531,r,0,0,0,0,2025.6716964119687,0,0,0,0,2025.6716964119687,0
cgl,control,729,531,t,0,0,0,0,4051.3433928239374,0,0,0,0,4051.3433928239374,1155.4768968283274
cgl,control,729,746,r,0,0,0,0,0,385.1589656094425,0,0,0,385.1589656094425,385.1589656094425
cgl,control,730,316,s,0,0,0,0,3038.507544617953,0,0,0,0,3038.507544617953,0
cgl,control,730,316,t,0,0,0,0,0,1540.63586243777,0,0,0,1540.63586243777,1540.63586243777
cgl,control,730,356,s,0,0,0,0,1012.8358482059843,0,0,0,0,1012.8358482059843,0
cgl,control,730,541,s,0,0,0,0,5064.179241029922,0,0,0,0,5064.179241029922,0
cgl,control,730,541,t,1012.8358482059843,0,0,0,1012.8358482059843,385.1589656094425,0,0,1012.8358482059843,1397.9948138154268,0
cgl,control,730,762,s,0,0,0,0,4051.3433928239374,770.317931218885,0,0,0,4821.661324042822,0
cgl,control,730,833,s,0,0,0,0,1012.8358482059843,0,0,0,0,1012.8358482059843,0
cgl,control,731,372,s,0,0,0,0,4051.3433928239374,0,0,0,0,4051.3433928239374,385.1589656094425
cgl,control,731,391,s,0,0,0,0,4051.3433928239374,0,0,0,0,4051.3433928239374,385.1589656094425
cgl,control,731,500,s,1012.8358482059843,0,0,0,0,0,0,0,1012.8358482059843,0,0
cgl,control,731,541,s,1012.8358482059843,0,0,0,1012.8358482059843,0,0,0,1012.8358482059843,1012.8358482059843,0
cgl,control,731,743,r,2025.6716964119687,0,0,0,2025.6716964119687,385.1589656094425,0,0,2025.6716964119687,2410.830662021411,385.1589656094425
cgl,control,731,746,r,0,0,0,0,1012.8358482059843,385.1589656094425,0,0,0,1397.9948138154268,385.1589656094425
cgl,control,731,762,s,1012.8358482059843,0,0,0,0,0,0,0,1012.8358482059843,0,0
cgl,control,731,833,s,1012.8358482059843,0,0,0,0,0,0,0,1012.8358482059843,0,0
cgl,control,732,372,s,0,0,0,0,1012.8358482059843,1155.4768968283274,0,0,0,2168.312745034312,1155.4768968283274
cgl,control,732,531,t,0,0,0,0,4051.3433928239374,385.1589656094425,0,0,0,4436.502358433379,385.1589656094425
cgl,control,732,541,s,1012.8358482059843,0,0,0,0,0,0,0,1012.8358482059843,0,0
cgl,control,733,316,t,0,0,0,0,4051.3433928239374,0,0,0,0,4051.3433928239374,0
cgl,control,733,356,s,1012.8358482059843,0,0,0,0,0,0,0,1012.8358482059843,0,0
cgl,control,733,372,s,0,0,0,0,1012.8358482059843,0,0,0,0,1012.8358482059843,0
cgl,control,733,531,r,3038.507544617953,0,0,0,0,0,0,0,3038.507544617953,0,0
cgl,control,733,743,r,0,0,0,0,1012.8358482059843,1540.63586243777,0,0,0,2553.4717106437542,1540.63586243777
cgl,control,733,746,r,1012.8358482059843,0,0,0,0,0,0,0,1012.8358482059843,0,0
cgl,control,733,763,s,1012.8358482059843,0,0,0,1012.8358482059843,0,0,0,1012.8358482059843,1012.8358482059843,0
cgl,control,734,315,t,0,0,0,0,3038.507544617953,0,0,0,0,3038.507544617953,385.1589656094425
cgl,control,734,356,s,0,0,0,0,3038.507544617953,0,0,0,0,3038.507544617953,0
cgl,control,734,372,s,0,0,0,0,0,0,0,0,0,0,0
cgl,control,734,391,s,0,0,0,0,3038.507544617953,0,0,0,0,3038.507544617953,0
cgl,control,734,391,t,0,0,0,0,4051.3433928239374,0,0,0,0,4051.3433928239374,770.317931218885
cgl,control,734,531,r,0,0,0,0,6077.015089235906,0,0,0,0,6077.015089235906,385.1589656094425
cgl,control,734,743,r,0,0,0,0,3038.507544617953,0,0,0,0,3038.507544617953,0
cgl,control,735,316,t,0,0,0,0,4051.3433928239374,385.1589656094425,0,0,0,4436.502358433379,385.1589656094425
cgl,control,735,372,s,0,0,0,0,3038.507544617953,0,0,0,0,3038.507544617953,0
cgl,control,735,391,t,0,0,0,0,2025.6716964119687,0,0,0,0,2025.6716964119687,0
cgl,control,735,541,s,0,0,0,0,5064.179241029922,0,0,0,0,5064.179241029922,0
cgl,control,735,541,t,0,0,0,0,4051.3433928239374,0,0,0,0,4051.3433928239374,0
cgl,control,735,743,r,1012.8358482059843,0,0,0,0,0,0,0,1012.8358482059843,0,0
cgl,control,735,746,r,0,0,0,0,2025.6716964119687,2310.953793656655,0,0,0,4336.625490068624,1155.4768968283274
cgl,control,735,833,s,0,0,0,0,2025.6716964119687,0,0,0,0,2025.6716964119687,0
cgl,control,736,375,s,1012.8358482059843,0,0,0,0,0,0,0,1012.8358482059843,0,385.1589656094425
cgl,control,737,316,s,0,0,0,0,2025.6716964119687,0,0,0,0,2025.6716964119687,0
cgl,control,737,356,s,0,0,0,0,1012.8358482059843,0,0,0,0,1012.8358482059843,0
cgl,control,737,372,s,0,0,0,0,2025.6716964119687,0,0,0,0,2025.6716964119687,385.1589656094425
cgl,control,737,391,s,0,0,0,0,1012.8358482059843,0,0,0,0,1012.8358482059843,0
cgl,control,737,391,t,0,0,0,0,3038.507544617953,0,0,0,0,3038.507544617953,385.1589656094425
cgl,control,737,531,r,0,0,0,0,1012.8358482059843,0,0,0,0,1012.8358482059843,0
cgl,control,737,531,s,0,0,0,0,1012.8358482059843,0,0,0,0,1012.8358482059843,385.1589656094425
cgl,control,737,531,t,0,0,0,0,4051.3433928239374,0,0,0,0,4051.3433928239374,385.1589656094425
cgl,control,737,743,r,0,0,0,0,1012.8358482059843,0,0,0,0,1012.8358482059843,0
cgl,control,737,833,s,0,0,0,0,2025.6716964119687,0,0,0,0,2025.6716964119687,0
cgl,control,738,316,s,0,0,0,0,2025.6716964119687,0,0,0,0,2025.6716964119687,0
cgl,control,738,356,s,0,0,0,0,3038.507544617953,0,0,0,0,3038.507544617953,385.1589656094425
cgl,control,738,372,s,0,0,0,0,2025.6716964119687,0,0,0,0,2025.6716964119687,385.1589656094425
cgl,control,738,500,s,0,0,0,0,1012.8358482059843,0,0,0,0,1012.8358482059843,0
cgl,control,738,531,r,0,0,0,0,2025.6716964119687,0,0,0,0,2025.6716964119687,385.1589656094425
cgl,control,738,541,s,0,0,0,0,3038.507544617953,0,0,0,0,3038.507544617953,0
cgl,control,738,762,s,0,0,0,0,2025.6716964119687,0,0,0,0,2025.6716964119687,385.1589656094425
cgl,control,738,833,s,0,0,0,0,0,0,0,0,0,0,0
cgl,control,739,315,s,0,0,0,0,0,770.317931218885,0,0,0,770.317931218885,385.1589656094425
cgl,control,739,315,t,0,0,0,0,0,1540.63586243777,0,0,0,1540.63586243777,1155.4768968283274
cgl,control,739,531,r,2025.6716964119687,0,0,0,0,0,0,0,2025.6716964119687,0,0
cgl,control,739,701,t,1012.8358482059843,0,0,0,1012.8358482059843,0,0,0,1012.8358482059843,1012.8358482059843,0
cgl,control,740,372,s,0,0,0,0,11141.194330265827,0,0,0,0,11141.194330265827,0
cgl,control,740,531,r,0,0,0,0,3038.507544617953,0,0,0,0,3038.507544617953,385.1589656094425
cgl,control,740,531,t,0,0,0,0,4051.3433928239374,0,0,0,0,4051.3433928239374,770.317931218885
cgl,control,740,743,r,0,0,0,0,3038.507544617953,0,0,0,0,3038.507544617953,0
cgl,control,740,746,r,0,0,0,0,1012.8358482059843,0,0,0,0,1012.8358482059843,0
cgl,control,740,761,s,0,0,0,0,1012.8358482059843,0,0,0,0,1012.8358482059843,0
cgl,control,740,833,s,0,0,0,0,1012.8358482059843,0,0,0,0,1012.8358482059843,385.1589656094425
cgl,control,742,316,t,1012.8358482059843,0,0,0,2025.6716964119687,0,0,0,1012.8358482059843,2025.6716964119687,385.1589656094425
cgl,control,742,356,s,0,0,0,0,1012.8358482059843,0,0,0,0,1012.8358482059843,0
cgl,control,742,372,s,2025.6716964119687,0,0,0,23295.22450873764,0,0,0,2025.6716964119687,23295.22450873764,0
cgl,control,742,531,r,0,0,0,0,2025.6716964119687,0,0,0,0,2025.6716964119687,385.1589656094425
cgl,control,742,743,s,0,0,0,0,2025.6716964119687,0,0,0,0,2025.6716964119687,0
cgl,control,742,746,s,0,0,0,0,1012.8358482059843,0,0,0,0,1012.8358482059843,0
cgl,control,742,920,s,0,0,0,0,1012.8358482059843,0,0,0,0,1012.8358482059843,0
cgl,control,743,372,s,2025.6716964119687,0,0,0,24308.060356943624,0,0,0,2025.6716964119687,24308.060356943624,0
cgl,control,743,701,s,1012.8358482059843,0,0,0,0,0,0,0,1012.8358482059843,0,0
cgl,control,743,746,r,0,0,0,0,1012.8358482059843,0,0,0,0,1012.8358482059843,0
cgl,control,744,316,s,1012.8358482059843,0,0,0,0,0,0,0,1012.8358482059843,0,0
cgl,control,744,372,s,7089.85093744189,0,0,0,21269.55281232567,0,0,0,7089.85093744189,21269.55281232567,770.317931218885
cgl,control,744,375,s,1012.8358482059843,0,0,0,1012.8358482059843,0,0,0,1012.8358482059843,1012.8358482059843,0
cgl,control,744,531,r,0,0,0,0,4051.3433928239374,0,0,0,0,4051.3433928239374,770.317931218885
cgl,control,744,746,r,1012.8358482059843,0,0,0,10128.358482059844,0,0,0,1012.8358482059843,10128.358482059844,0
cgl,control,745,372,s,0,0,0,0,2025.6716964119687,385.1589656094425,0,0,0,2410.830662021411,385.1589656094425
cgl,control,745,531,t,0,0,0,0,6077.015089235906,0,0,0,0,6077.015089235906,1155.4768968283274
cgl,control,745,701,t,2025.6716964119687,0,0,0,1012.8358482059843,0,0,0,2025.6716964119687,1012.8358482059843,0
crp,control,746,372,s,0,0,0,0,1012.8358482059843,0,0,0,0,1012.8358482059843,0
crp,control,746,375,s,0,0,0,0,1012.8358482059843,0,0,0,0,1012.8358482059843,0
crp,control,746,746,r,0,0,0,0,2025.6716964119687,0,0,0,0,2025.6716964119687,0
crp,control,747,372,s,0,0,0,0,2025.6716964119687,0,0,0,0,2025.6716964119687,770.317931218885
crp,control,747,375,s,0,0,0,0,2025.6716964119687,0,0,0,0,2025.6716964119687,770.317931218885
crp,control,748,316,t,0,0,0,0,1012.8358482059843,0,0,0,0,1012.8358482059843,0
crp,control,748,356,t,0,0,0,0,4051.3433928239374,0,0,0,0,4051.3433928239374,1540.63586243777
crp,control,748,372,s,0,0,0,0,2025.6716964119687,0,0,0,0,2025.6716964119687,0
crp,control,748,375,s,0,0,0,0,1012.8358482059843,0,0,0,0,1012.8358482059843,0
crp,control,750,372,s,0,0,0,0,1012.8358482059843,0,0,0,0,1012.8358482059843,385.1589656094425
crp,control,752,372,s,0,0,0,0,2025.6716964119687,0,0,0,0,2025.6716964119687,0
crp,control,752,375,s,0,0,0,0,1012.8358482059843,0,0,0,0,1012.8358482059843,385.1589656094425
crp,control,752,531,r,0,0,0,0,6077.015089235906,0,0,0,0,6077.015089235906,0
crp,control,752,531,t,0,0,0,0,4051.3433928239374,0,0,0,0,4051.3433928239374,770.317931218885
crp,control,752,743,r,0,0,0,0,1012.8358482059843,0,0,0,0,1012.8358482059843,385.1589656094425
crp,control,752,743,t,0,0,0,0,3038.507544617953,0,0,0,0,3038.507544617953,0
crp,control,752,832,s,0,0,0,0,1012.8358482059843,0,0,0,0,1012.8358482059843,0
crp,control,753,372,s,0,0,0,0,2025.6716964119687,0,0,0,0,2025.6716964119687,0
crp,control,753,531,r,0,0,0,0,4051.3433928239374,0,0,0,0,4051.3433928239374,0
crp,control,753,531,t,0,0,0,0,6077.015089235906,0,0,0,0,6077.015089235906,1540.63586243777
crp,control,754,372,s,0,0,0,0,7089.85093744189,0,0,0,0,7089.85093744189,0
crp,control,754,375,s,0,0,0,0,1012.8358482059843,0,0,0,0,1012.8358482059843,0
crp,control,754,531,r,1012.8358482059843,0,0,0,3038.507544617953,0,0,0,1012.8358482059843,3038.507544617953,0
crp,control,754,832,t,0,0,0,0,1012.8358482059843,385.1589656094425,0,0,0,1397.9948138154268,0
crp,control,755,356,s,0,0,0,0,1012.8358482059843,0,0,0,0,1012.8358482059843,0
crp,control,755,372,s,0,0,0,0,1012.8358482059843,0,0,0,0,1012.8358482059843,0
crp,control,755,531,r,0,0,0,0,8102.686785647875,0,0,0,0,8102.686785647875,0
crp,control,756,356,s,1012.8358482059843,0,0,0,6077.015089235906,0,0,0,1012.8358482059843,6077.015089235906,0
crp,control,756,372,s,0,0,0,0,1012.8358482059843,0,0,0,0,1012.8358482059843,0
crp,control,756,531,r,1012.8358482059843,0,0,0,6077.015089235906,0,0,0,1012.8358482059843,6077.015089235906,0
crp,control,756,531,t,0,0,0,0,4051.3433928239374,0,0,0,0,4051.3433928239374,0
crp,control,756,761,s,2025.6716964119687,0,0,0,0,0,0,0,2025.6716964119687,0,0
crp,control,757,356,s,0,0,0,0,2025.6716964119687,0,0,0,0,2025.6716964119687,0
crp,control,757,356,t,0,0,0,0,4051.3433928239374,0,0,0,0,4051.3433928239374,0
crp,control,757,356,t,0,0,0,0,10128.358482059844,0,0,0,0,10128.358482059844,0
crp,control,757,372,t,0,0,0,0,1012.8358482059843,0,0,0,0,1012.8358482059843,0
crp,control,757,531,r,0,0,0,0,11141.194330265827,0,0,0,0,11141.194330265827,0
crp,control,757,531,t,0,0,0,0,1012.8358482059843,0,0,0,0,1012.8358482059843,385.1589656094425
crp,control,757,743,s,0,0,0,0,1012.8358482059843,0,0,0,0,1012.8358482059843,0
crp,control,757,761,s,1012.8358482059843,0,0,0,2025.6716964119687,0,0,0,1012.8358482059843,2025.6716964119687,0
crp,control,758,356,r,0,0,0,0,7089.85093744189,0,0,0,0,7089.85093744189,0
crp,control,758,356,s,1012.8358482059843,0,0,0,5064.179241029922,0,0,0,1012.8358482059843,5064.179241029922,770.317931218885
crp,control,758,372,s,1012.8358482059843,0,0,0,9115.52263385386,0,0,0,1012.8358482059843,9115.52263385386,0
crp,control,758,531,r,3038.507544617953,0,0,0,7089.85093744189,0,0,0,3038.507544617953,7089.85093744189,0
crp,control,758,531,t,0,0,0,0,3038.507544617953,0,0,0,0,3038.507544617953,770.317931218885
crp,control,758,743,r,1012.8358482059843,0,0,0,2025.6716964119687,0,0,0,1012.8358482059843,2025.6716964119687,0
crp,control,759,356,s,0,0,0,0,4051.3433928239374,0,0,0,0,4051.3433928239374,0
crp,control,759,531,s,0,0,0,0,0,0,0,385.1589656094425,0,385.1589656094425,385.1589656094425
crp,control,759,531,t,0,0,0,0,4051.3433928239374,0,0,0,0,4051.3433928239374,770.317931218885
crp,control,759,743,r,0,0,0,0,0,0,385.1589656094425,0,0,385.1589656094425,385.1589656094425
crp,control,760,356,s,0,0,0,0,6077.015089235906,0,0,0,0,6077.015089235906,0
crp,control,760,531,t,0,0,0,0,2025.6716964119687,0,0,0,0,2025.6716964119687,0
crp,control,760,743,r,0,0,0,0,3038.507544617953,2310.953793656655,0,385.1589656094425,0,5734.62030388405,1540.63586243777
crp,control,761,316,s,0,0,0,0,1012.8358482059843,0,0,0,0,1012.8358482059843,0
crp,control,761,372,s,0,0,0,0,2025.6716964119687,0,0,0,0,2025.6716964119687,0
crp,control,761,531,t,0,0,0,0,1012.8358482059843,0,0,0,0,1012.8358482059843,0
crp,control,761,743,r,0,0,0,0,3038.507544617953,1155.4768968283274,770.317931218885,0,0,4964.302372665165,1540.63586243777
crp,control,762,316,s,0,0,0,0,1012.8358482059843,0,0,0,0,1012.8358482059843,0
crp,control,762,316,t,0,0,0,0,4051.3433928239374,0,0,0,0,4051.3433928239374,0
crp,control,762,372,s,1012.8358482059843,0,0,0,2025.6716964119687,0,0,0,1012.8358482059843,2025.6716964119687,0
crp,control,762,531,r,0,0,0,0,2025.6716964119687,0,0,0,0,2025.6716964119687,0
crp,control,762,531,t,0,0,0,0,1012.8358482059843,0,0,0,0,1012.8358482059843,0
crp,control,762,743,r,0,0,0,0,2025.6716964119687,770.317931218885,0,0,0,2795.9896276308536,1540.63586243777
crp,control,763,372,s,0,0,0,0,6077.015089235906,0,0,0,0,6077.015089235906,1540.63586243777
crp,control,763,541,s,0,0,0,0,1012.8358482059843,0,0,0,0,1012.8358482059843,0
crp,control,763,743,r,0,0,0,0,9115.52263385386,0,0,0,0,9115.52263385386,0
crp,control,763,832,s,0,0,0,0,1012.8358482059843,0,0,0,0,1012.8358482059843,0
crp,control,764,372,s,0,0,0,0,4051.3433928239374,0,0,0,0,4051.3433928239374,0
crp,control,764,531,r,0,0,0,0,6077.015089235906,0,0,0,0,6077.015089235906,1540.63586243777
crp,control,764,531,t,0,0,0,0,6077.015089235906,0,0,0,0,6077.015089235906,0
crp,control,764,743,r,0,0,0,0,2025.6716964119687,0,0,0,0,2025.6716964119687,0
crp,control,765,356,t,0,0,0,0,2025.6716964119687,0,0,0,0,2025.6716964119687,0
crp,control,765,531,t,0,0,0,0,4051.3433928239374,0,0,0,0,4051.3433928239374,1155.4768968283274
crp,control,765,743,r,0,0,0,0,1012.8358482059843,0,0,0,0,1012.8358482059843,385.1589656094425
crp,control,766,372,s,0,0,0,0,3038.507544617953,0,0,0,0,3038.507544617953,0
crp,control,766,372,t,0,0,0,0,1012.8358482059843,385.1589656094425,0,0,0,1397.9948138154268,0
crp,control,766,531,r,1012.8358482059843,0,0,0,0,0,0,0,1012.8358482059843,0,0
crp,control,766,531,t,0,0,0,0,3038.507544617953,0,0,0,0,3038.507544617953,0
crp,control,766,743,r,0,0,0,0,1012.8358482059843,1155.4768968283274,0,385.1589656094425,0,2553.4717106437542,1540.63586243777
crp,control,766,832,s,0,0,0,0,1012.8358482059843,0,0,0,0,1012.8358482059843,0
crp,control,767,315,t,0,0,0,0,0,385.1589656094425,0,0,0,385.1589656094425,385.1589656094425
crp,control,767,316,t,0,0,0,0,4051.3433928239374,0,0,0,0,4051.3433928239374,0
crp,control,767,356,t,0,0,0,0,4051.3433928239374,0,0,0,0,4051.3433928239374,0
crp,control,767,541,s,0,0,0,0,3038.507544617953,0,0,0,0,3038.507544617953,0
crp,control,767,701,s,0,0,0,0,4051.3433928239374,0,0,0,0,4051.3433928239374,770.317931218885
crp,control,767,701,t,0,0,0,0,2025.6716964119687,0,0,0,0,2025.6716964119687,385.1589656094425
crp,control,768,316,s,0,0,0,0,1012.8358482059843,0,0,0,0,1012.8358482059843,385.1589656094425
crp,control,768,356,s,0,0,0,0,2025.6716964119687,0,0,0,0,2025.6716964119687,770.317931218885
crp,control,768,372,s,0,0,0,0,1012.8358482059843,0,0,0,0,1012.8358482059843,0
crp,control,769,316,s,0,0,0,0,2025.6716964119687,0,0,0,0,2025.6716964119687,0
crp,control,769,372,s,0,0,0,0,1012.8358482059843,0,0,0,0,1012.8358482059843,385.1589656094425
crp,control,769,531,r,0,0,0,0,1012.8358482059843,0,0,0,0,1012.8358482059843,0
crp,control,769,531,t,0,0,0,0,5064.179241029922,0,0,0,0,5064.179241029922,1155.4768968283274
crp,control,770,316,s,0,0,0,0,2025.6716964119687,0,0,0,0,2025.6716964119687,385.1589656094425
crp,control,770,356,s,0,0,0,0,1012.8358482059843,0,0,0,0,1012.8358482059843,0
crp,control,770,372,s,0,0,0,0,4051.3433928239374,0,0,0,0,4051.3433928239374,770.317931218885
crp,control,770,531,r,0,0,0,0,1012.8358482059843,0,0,0,0,1012.8358482059843,385.1589656094425
crp,control,770,762,s,0,0,0,0,1012.8358482059843,0,0,0,0,1012.8358482059843,0
crp,control,771,316,s,2025.6716964119687,0,0,0,2025.6716964119687,0,0,0,2025.6716964119687,2025.6716964119687,0
crp,control,771,356,s,1012.8358482059843,0,0,0,1012.8358482059843,0,0,0,1012.8358482059843,1012.8358482059843,385.1589656094425
crp,control,771,372,s,1012.8358482059843,0,0,0,0,0,0,0,1012.8358482059843,0,0
crp,control,771,541,s,3038.507544617953,0,0,0,0,0,0,0,3038.507544617953,0,0
crp,control,771,833,s,0,0,0,0,1012.8358482059843,0,0,0,0,1012.8358482059843,385.1589656094425
crp,control,772,833,s,0,0,0,0,1012.8358482059843,0,0,0,0,1012.8358482059843,0
crp,control,773,356,r,0,0,0,0,4051.3433928239374,0,0,0,0,4051.3433928239374,0
crp,control,773,356,s,0,0,0,0,1012.8358482059843,385.1589656094425,0,0,0,1397.9948138154268,0
crp,control,773,531,s,0,0,0,0,0,385.1589656094425,0,0,0,385.1589656094425,0
crp,control,773,531,t,0,0,0,0,3038.507544617953,0,0,0,0,3038.507544617953,1155.4768968283274
crp,control,773,833,s,0,0,0,0,1012.8358482059843,0,0,0,0,1012.8358482059843,385.1589656094425
crp,control,774,316,t,0,0,0,0,3038.507544617953,0,0,0,0,3038.507544617953,770.317931218885
crp,control,774,802,t,0,0,0,0,2025.6716964119687,0,0,0,0,2025.6716964119687,0
crp,control,774,833,s,0,0,0,0,2025.6716964119687,0,0,0,0,2025.6716964119687,770.317931218885
crp,control,775,316,s,0,0,0,0,1012.8358482059843,0,0,0,0,1012.8358482059843,385.1589656094425
crp,control,775,356,t,0,0,0,0,1012.8358482059843,0,0,0,0,1012.8358482059843,0
crp,control,775,833,s,0,0,0,0,1012.8358482059843,0,0,0,0,1012.8358482059843,385.1589656094425
cwb,control,384,541,s,0,0,0,0,3038.507544617953,0,0,0,0,3038.507544617953,1155.4768968283274
cwb,control,385,372,s,0,0,0,0,0,1155.4768968283274,0,0,0,1155.4768968283274,1155.4768968283274
cwb,control,385,541,s,0,0,0,0,4051.3433928239374,0,0,0,0,4051.3433928239374,385.1589656094425
cwb,control,386,372,s,2025.6716964119687,0,0,0,18231.04526770772,0,0,0,2025.6716964119687,18231.04526770772,1540.63586243777
cwb,control,387,372,s,8102.686785647875,0,0,0,23295.22450873764,0,0,0,8102.686785647875,23295.22450873764,1540.63586243777
cwb,control,387,761,s,3038.507544617953,0,0,0,0,0,0,0,3038.507544617953,0,0
cwb,control,388,372,s,2025.6716964119687,0,0,0,0,0,0,0,2025.6716964119687,0,770.317931218885
cwb,control,388,372,s,2025.6716964119687,0,0,0,0,0,0,0,2025.6716964119687,0,770.317931218885
cwb,control,388,761,s,1012.8358482059843,0,0,0,0,0,0,0,1012.8358482059843,0,0
cwb,control,389,316,t,4051.3433928239374,0,0,0,0,0,0,0,4051.3433928239374,0,1540.63586243777
cwb,control,389,372,s,1012.8358482059843,0,0,0,8102.686785647875,0,0,0,1012.8358482059843,8102.686785647875,0
cwb,control,389,761,s,2025.6716964119687,0,0,0,1012.8358482059843,0,0,0,2025.6716964119687,1012.8358482059843,0
cwb,control,390,372,s,9115.52263385386,0,0,0,22282.388660531655,0,0,0,9115.52263385386,22282.388660531655,1540.63586243777
cwb,control,390,372,s,0,0,0,0,0,0,0,0,0,0,0
cwb,control,391,372,s,3038.507544617953,0,0,0,5064.179241029922,0,0,0,3038.507544617953,5064.179241029922,1540.63586243777
cwb,control,392,372,s,1012.8358482059843,0,0,0,1012.8358482059843,0,0,0,1012.8358482059843,1012.8358482059843,0
cwb,control,392,743,r,1012.8358482059843,0,0,0,0,0,770.317931218885,0,1012.8358482059843,770.317931218885,770.317931218885
cwb,control,392,761,s,2025.6716964119687,0,0,0,0,0,0,0,2025.6716964119687,0,0
cwb,control,393,315,s,2025.6716964119687,0,0,0,2025.6716964119687,0,0,0,2025.6716964119687,2025.6716964119687,770.317931218885
cwb,control,393,372,s,35449.25468720945,0,0,0,30385.07544617953,0,0,0,35449.25468720945,30385.07544617953,385.1589656094425
cwb,control,393,531,s,0,0,0,0,0,385.1589656094425,0,0,0,385.1589656094425,385.1589656094425
cwb,control,394,372,s,1012.8358482059843,0,0,0,0,0,0,0,1012.8358482059843,0,385.1589656094425
cwb,control,395,315,s,1012.8358482059843,0,0,0,0,0,0,0,1012.8358482059843,0,0
cwb,control,395,372,s,0,0,0,0,0,0,0,0,0,0,0
cwb,control,395,541,s,0,0,0,0,2025.6716964119687,0,0,0,0,2025.6716964119687,770.317931218885
cwb,control,396,316,s,1012.8358482059843,0,0,0,0,0,0,0,1012.8358482059843,0,385.1589656094425
cwb,control,397,372,s,1012.8358482059843,0,0,0,0,0,0,0,1012.8358482059843,0,0
cwb,control,398,001,u,0,0,0,0,0,0,0,0,0,0,0
cwb,control,399,316,s,1012.8358482059843,0,0,0,0,0,0,0,1012.8358482059843,0,0
cwb,control,400,531,s,0,0,0,0,0,385.1589656094425,0,0,0,385.1589656094425,0
cwb,control,400,531,t,0,0,0,0,0,1540.63586243777,0,0,0,1540.63586243777,1540.63586243777
cwb,control,400,541,s,1012.8358482059843,0,0,0,0,0,0,0,1012.8358482059843,0,0
cwb,control,701,001,u,0,0,0,0,0,0,0,0,0,0,0
cwb,control,702,372,s,1012.8358482059843,0,0,0,8102.686785647875,0,0,0,1012.8358482059843,8102.686785647875,1155.4768968283274
cwb,control,702,531,r,0,0,0,0,0,385.1589656094425,0,0,0,385.1589656094425,385.1589656094425
cwb,control,703,001,u,0,0,0,0,0,0,0,0,0,0,0
cwb,control,704,761,s,0,0,0,0,0,385.1589656094425,0,0,0,385.1589656094425,385.1589656094425
cwb,control,705,372,s,1012.8358482059843,0,0,0,0,0,0,0,1012.8358482059843,0,0
cwb,control,705,761,s,1012.8358482059843,0,0,0,0,0,0,0,1012.8358482059843,0,0
cwb,control,706,372,s,2025.6716964119687,0,0,0,1012.8358482059843,0,0,0,2025.6716964119687,1012.8358482059843,1155.4768968283274
cwb,control,707,541,s,1012.8358482059843,0,0,0,0,0,0,0,1012.8358482059843,0,385.1589656094425
cwb,control,708,372,s,1012.8358482059843,0,0,0,16205.37357129575,0,0,0,1012.8358482059843,16205.37357129575,1540.63586243777
cwb,control,708,541,s,1012.8358482059843,0,0,0,1012.8358482059843,0,0,0,1012.8358482059843,1012.8358482059843,0
cwb,control,709,001,u,0,0,0,0,0,0,0,0,0,0,0
cwb,control,710,315,s,0,0,0,0,1012.8358482059843,0,0,0,0,1012.8358482059843,0
cwb,control,710,531,r,2025.6716964119687,0,0,0,4051.3433928239374,0,0,0,2025.6716964119687,4051.3433928239374,1540.63586243777
cwb,control,710,531,t,0,0,0,0,3038.507544617953,0,0,0,0,3038.507544617953,0
cwb,control,710,541,s,0,0,0,0,2025.6716964119687,0,0,0,0,2025.6716964119687,0
cwb,control,711,372,s,3038.507544617953,0,0,0,6077.015089235906,0,0,0,3038.507544617953,6077.015089235906,1540.63586243777
cwb,control,712,531,r,2025.6716964119687,0,0,0,0,0,0,0,2025.6716964119687,0,0
cwb,control,712,541,s,2025.6716964119687,0,0,0,1012.8358482059843,0,0,0,2025.6716964119687,1012.8358482059843,0
cwb,control,713,541,s,2025.6716964119687,0,0,0,0,0,0,0,2025.6716964119687,0,0
cwb,control,946,001,u,0,0,0,0,0,0,0,0,0,0,0
cwb,control,947,531,r,0,0,0,0,0,1155.4768968283274,0,0,0,1155.4768968283274,770.317931218885
cwb,control,947,531,t,0,0,0,0,0,1155.4768968283274,0,0,0,1155.4768968283274,770.317931218885
cwb,control,947,541,s,1012.8358482059843,0,0,0,3038.507544617953,0,0,0,1012.8358482059843,3038.507544617953,0
cwb,control,948,315,s,1012.8358482059843,0,0,0,0,0,0,0,1012.8358482059843,0,0
cwb,control,948,316,s,2025.6716964119687,0,0,0,1012.8358482059843,0,0,0,2025.6716964119687,1012.8358482059843,0
cwb,control,948,356,s,0,0,0,0,1012.8358482059843,0,0,0,0,1012.8358482059843,0
cwb,control,948,372,s,0,0,0,0,0,385.1589656094425,0,0,0,385.1589656094425,385.1589656094425
cwb,control,948,541,s,4051.3433928239374,0,0,0,20256.71696411969,0,0,0,4051.3433928239374,20256.71696411969,1155.4768968283274
cwb,control,949,541,s,2025.6716964119687,0,0,0,1012.8358482059843,0,0,0,2025.6716964119687,1012.8358482059843,1155.4768968283274
gl,interior,836,541,s,0,0,0,0,1012.8358482059843,0,0,0,0,1012.8358482059843,385.1589656094425
gl,interior,836,701,s,0,0,0,0,2025.6716964119687,0,0,0,0,2025.6716964119687,0
gl,interior,836,743,s,0,0,0,0,2025.6716964119687,0,0,0,0,2025.6716964119687,770.317931218885
gl,interior,836,90,s,0,0,0,0,1012.8358482059843,0,0,0,0,1012.8358482059843,385.1589656094425
gl,interior,837,318,t,0,0,0,0,0,385.1589656094425,0,0,0,385.1589656094425,0
gl,interior,837,318,t,0,0,0,0,1012.8358482059843,1155.4768968283274,0,0,0,2168.312745034312,0
gl,interior,837,318,t,0,0,0,0,0,1540.63586243777,0,0,0,1540.63586243777,770.317931218885
gl,interior,837,743,r,0,0,0,0,0,3081.27172487554,0,0,0,3081.27172487554,770.317931218885
gl,interior,837,761,s,0,0,0,0,0,1155.4768968283274,0,0,0,1155.4768968283274,0
gl,interior,837,90,s,1012.8358482059843,0,0,0,1012.8358482059843,0,0,0,1012.8358482059843,1012.8358482059843,0
gl,interior,838,316,t,0,0,0,0,0,1540.63586243777,0,0,0,1540.63586243777,385.1589656094425
gl,interior,838,356,t,0,0,0,0,3038.507544617953,385.1589656094425,0,0,0,3423.6665102273955,0
gl,interior,838,375,t,0,0,0,0,0,770.317931218885,0,0,0,770.317931218885,770.317931218885
gl,interior,838,761,s,0,0,0,0,0,385.1589656094425,0,0,0,385.1589656094425,0
gl,interior,838,762,s,0,0,0,0,0,385.1589656094425,0,0,0,385.1589656094425,385.1589656094425
gl,interior,838,833,s,0,0,0,0,3038.507544617953,0,0,0,0,3038.507544617953,0
gl,interior,839,316,t,0,0,0,0,0,1540.63586243777,0,0,0,1540.63586243777,0
gl,interior,839,541,s,1012.8358482059843,0,0,0,0,0,0,0,1012.8358482059843,0,0
gl,interior,839,746,r,3038.507544617953,1540.63586243777,0,0,0,3081.27172487554,770.317931218885,0,4579.1434070557225,3851.5896560944248,1540.63586243777
gl,interior,839,761,s,0,0,0,0,0,385.1589656094425,0,0,0,385.1589656094425,0
gl,interior,839,762,s,0,0,0,0,0,385.1589656094425,0,0,0,385.1589656094425,0
gl,interior,840,315,s,0,0,0,0,6077.015089235906,770.317931218885,0,0,0,6847.333020454791,1155.4768968283274
gl,interior,840,318,s,0,0,0,0,1012.8358482059843,0,0,0,0,1012.8358482059843,0
gl,interior,840,391,s,0,0,0,0,2025.6716964119687,0,0,0,0,2025.6716964119687,0
gl,interior,840,531,r,0,0,0,0,1012.8358482059843,0,0,0,0,1012.8358482059843,0
gl,interior,840,531,t,0,0,0,0,4051.3433928239374,0,0,0,0,4051.3433928239374,0
gl,interior,840,746,r,0,0,0,0,0,385.1589656094425,0,0,0,385.1589656094425,385.1589656094425
gl,interior,841,375,s,0,0,0,0,0,385.1589656094425,0,0,0,385.1589656094425,385.1589656094425
gl,interior,841,746,s,5064.179241029922,0,0,0,2025.6716964119687,1540.63586243777,0,0,5064.179241029922,3566.3075588497386,385.1589656094425
gl,interior,841,761,s,4051.3433928239374,0,0,0,0,5392.225518532195,0,0,4051.3433928239374,5392.225518532195,770.317931218885
gl,interior,841,833,s,0,0,0,0,0,385.1589656094425,0,0,0,385.1589656094425,0
gl,interior,842,315,s,0,0,0,0,0,385.1589656094425,0,0,0,385.1589656094425,0
gl,interior,842,318,t,0,0,0,0,0,1540.63586243777,0,0,0,1540.63586243777,770.317931218885
gl,interior,842,356,s,0,0,0,0,0,770.317931218885,0,0,0,770.317931218885,0
gl,interior,842,356,t,1012.8358482059843,0,0,0,0,770.317931218885,0,0,1012.8358482059843,770.317931218885,0
gl,interior,842,541,s,0,0,0,0,0,385.1589656094425,0,0,0,385.1589656094425,0
gl,interior,842,761,s,0,0,0,0,0,0,385.1589656094425,0,0,385.1589656094425,385.1589656094425
gl,interior,842,762,s,0,0,0,0,0,385.1589656094425,385.1589656094425,0,0,770.317931218885,385.1589656094425
gl,interior,842,833,s,0,0,0,0,0,385.1589656094425,0,0,0,385.1589656094425,0
gl,interior,843,318,s,0,0,0,0,0,0,385.1589656094425,0,0,385.1589656094425,385.1589656094425
gl,interior,843,541,s,0,0,0,0,0,3851.5896560944248,0,0,0,3851.5896560944248,385.1589656094425
gl,interior,843,761,t,0,0,0,0,0,0,1540.63586243777,0,0,1540.63586243777,770.317931218885
gl,interior,844,315,s,1012.8358482059843,0,0,0,0,0,0,0,1012.8358482059843,0,0
gl,interior,844,541,s,1012.8358482059843,0,0,0,1012.8358482059843,0,0,0,1012.8358482059843,1012.8358482059843,0
gl,interior,844,951,s,0,0,0,0,0,385.1589656094425,0,0,0,385.1589656094425,0
gl,interior,845,541,s,1012.8358482059843,0,0,0,1012.8358482059843,385.1589656094425,0,0,1012.8358482059843,1397.9948138154268,0
gl,interior,845,541,t,0,0,0,0,0,385.1589656094425,0,0,0,385.1589656094425,0
gl,interior,845,743,s,0,0,0,0,0,770.317931218885,0,0,0,770.317931218885,0
gl,interior,846,743,s,0,0,0,0,0,770.317931218885,0,0,0,770.317931218885,770.317931218885
gl,interior,846,761,s,0,0,0,0,1012.8358482059843,385.1589656094425,0,0,0,1397.9948138154268,0
gl,interior,847,316,s,1012.8358482059843,0,0,0,1012.8358482059843,0,0,0,1012.8358482059843,1012.8358482059843,0
gl,interior,847,316,t,1012.8358482059843,0,0,0,0,0,0,0,1012.8358482059843,0,0
gl,interior,847,318,s,4051.3433928239374,0,0,0,0,0,0,0,4051.3433928239374,0,0
gl,interior,847,541,s,1012.8358482059843,0,0,0,0,385.1589656094425,0,0,1012.8358482059843,385.1589656094425,0
gl,interior,847,541,t,0,0,0,0,0,1540.63586243777,385.1589656094425,0,0,1925.7948280472124,385.1589656094425
gl,interior,847,761,s,0,0,0,0,0,385.1589656094425,770.317931218885,0,0,1155.4768968283274,0
gl,interior,847,762,t,0,770.317931218885,0,0,0,770.317931218885,770.317931218885,770.317931218885,770.317931218885,2310.953793656655,1155.4768968283274
gl,interior,847,833,s,0,0,0,0,0,385.1589656094425,0,0,0,385.1589656094425,0
gl,interior,847,951,s,1012.8358482059843,0,0,0,0,385.1589656094425,0,0,1012.8358482059843,385.1589656094425,0
gl,interior,848,372,s,0,0,0,0,0,385.1589656094425,0,0,0,385.1589656094425,385.1589656094425
gl,interior,848,743,s,2025.6716964119687,0,0,0,0,1925.7948280472124,0,0,2025.6716964119687,1925.7948280472124,1155.4768968283274
gl,interior,849,372,s,0,0,0,0,0,770.317931218885,0,0,0,770.317931218885,0
gl,interior,849,531,t,0,0,0,0,0,385.1589656094425,0,0,0,385.1589656094425,0
gl,interior,849,701,t,0,0,0,0,0,3081.27172487554,0,0,0,3081.27172487554,0
gl,interior,849,743,s,0,385.1589656094425,0,0,0,0,0,0,385.1589656094425,0,0
gl,interior,849,761,s,0,0,0,0,0,0,1540.63586243777,0,0,1540.63586243777,1540.63586243777
gl,interior,849,833,s,2025.6716964119687,0,0,0,0,0,0,0,2025.6716964119687,0,0
gl,interior,850,316,s,0,0,0,0,1012.8358482059843,0,0,0,0,1012.8358482059843,0
gl,interior,850,372,s,0,0,0,0,1012.8358482059843,0,0,0,0,1012.8358482059843,0
gl,interior,850,541,s,0,0,0,0,1012.8358482059843,0,0,0,0,1012.8358482059843,385.1589656094425
gl,interior,850,743,s,0,0,0,0,2025.6716964119687,385.1589656094425,0,0,0,2410.830662021411,1155.4768968283274
gl,interior,851,318,t,0,0,0,0,0,770.317931218885,0,0,0,770.317931218885,770.317931218885
gl,interior,851,541,s,3038.507544617953,0,0,0,0,385.1589656094425,0,0,3038.507544617953,385.1589656094425,0
gl,interior,851,541,t,0,0,0,0,0,385.1589656094425,0,0,0,385.1589656094425,0
gl,interior,851,743,s,0,0,0,0,1012.8358482059843,770.317931218885,0,0,0,1783.1537794248693,770.317931218885
gl,interior,851,999,s,0,0,0,0,0,0,0,0,0,0,0
gl,interior,852,318,t,0,0,0,0,0,770.317931218885,0,0,0,770.317931218885,385.1589656094425
gl,interior,852,541,s,0,0,0,0,0,3851.5896560944248,0,0,0,3851.5896560944248,1155.4768968283274
gl,interior,852,743,s,0,0,0,0,0,770.317931218885,0,0,0,770.317931218885,0
gl,interior,853,318,s,1012.8358482059843,0,0,0,0,385.1589656094425,0,0,1012.8358482059843,385.1589656094425,0
gl,interior,853,318,t,1012.8358482059843,0,0,0,1012.8358482059843,770.317931218885,0,0,1012.8358482059843,1783.1537794248693,0
gl,interior,853,541,s,4051.3433928239374,0,0,0,2025.6716964119687,1155.4768968283274,0,0,4051.3433928239374,3181.148593240296,0
gl,interior,853,743,s,0,0,0,0,0,385.1589656094425,0,0,0,385.1589656094425,0
gl,interior,853,951,t,0,0,0,0,0,770.317931218885,0,0,0,770.317931218885,770.317931218885
gl,interior,854,531,r,13166.866026677797,0,0,0,6077.015089235906,0,0,0,13166.866026677797,6077.015089235906,0
gl,interior,854,531,s,1012.8358482059843,0,0,0,0,1155.4768968283274,0,0,1012.8358482059843,1155.4768968283274,385.1589656094425
gl,interior,854,531,t,12154.030178471812,0,0,0,0,0,0,0,12154.030178471812,0,0
gl,interior,854,761,s,0,0,0,0,0,1925.7948280472124,385.1589656094425,0,0,2310.953793656655,1155.4768968283274
gl,interior,855,541,s,5064.179241029922,0,0,0,2025.6716964119687,0,0,0,5064.179241029922,2025.6716964119687,0
gl,interior,855,761,s,0,0,0,0,0,2310.953793656655,0,0,0,2310.953793656655,0
gl,interior,857,541,s,0,0,0,0,0,385.1589656094425,0,0,0,385.1589656094425,385.1589656094425
gl,interior,857,541,s,2025.6716964119687,0,0,0,1012.8358482059843,0,0,0,2025.6716964119687,1012.8358482059843,0
gl,interior,857,541,t,0,0,0,0,3038.507544617953,0,0,0,0,3038.507544617953,0
gl,interior,857,999,s,0,0,0,0,0,385.1589656094425,0,0,0,385.1589656094425,385.1589656094425
gl,interior,858,372,s,0,0,0,0,6077.015089235906,0,0,0,0,6077.015089235906,0
gl,interior,858,743,s,4051.3433928239374,0,0,0,7089.85093744189,1925.7948280472124,0,0,4051.3433928239374,9015.645765489102,1540.63586243777
gl,interior,859,318,t,0,0,0,0,0,1925.7948280472124,0,0,0,1925.7948280472124,385.1589656094425
gl,interior,859,541,s,1012.8358482059843,0,0,0,0,0,0,0,1012.8358482059843,0,0
gl,interior,859,743,s,1012.8358482059843,770.317931218885,0,0,3038.507544617953,3081.27172487554,0,0,1783.1537794248693,6119.779269493492,770.317931218885
gl,interior,859,761,s,0,0,0,0,0,2310.953793656655,770.317931218885,0,0,3081.27172487554,385.1589656094425
gl,interior,860,318,t,0,0,0,0,0,1540.63586243777,0,0,0,1540.63586243777,0
gl,interior,860,356,s,0,0,0,0,0,385.1589656094425,0,0,0,385.1589656094425,0
gl,interior,860,541,s,1012.8358482059843,0,0,0,1012.8358482059843,1155.4768968283274,0,0,1012.8358482059843,2168.312745034312,0
gl,interior,860,743,s,10128.358482059844,0,0,0,7089.85093744189,10784.45103706439,770.317931218885,0,10128.358482059844,18644.61990572516,1540.63586243777
gl,interior,860,761,s,0,0,0,0,0,1540.63586243777,0,0,0,1540.63586243777,0
gl,interior,861,541,s,3038.507544617953,0,0,0,0,1155.4768968283274,0,0,3038.507544617953,1155.4768968283274,0
gl,interior,861,743,s,0,0,0,0,0,0,385.1589656094425,0,0,385.1589656094425,0
gl,interior,862,531,t,2025.6716964119687,0,0,0,0,0,0,0,2025.6716964119687,0,0
gl,interior,863,761,s,0,0,0,0,0,385.1589656094425,0,0,0,385.1589656094425,0
gl,interior,863,999,t,0,0,0,0,0,1540.63586243777,0,0,0,1540.63586243777,1540.63586243777
gl,interior,864,315,s,0,0,0,0,0,385.1589656094425,0,0,0,385.1589656094425,0
gl,interior,864,316,s,5064.179241029922,0,0,0,0,0,0,0,5064.179241029922,0,0
gl,interior,864,318,s,1012.8358482059843,0,0,0,0,0,0,0,1012.8358482059843,0,0
gl,interior,864,531,s,1012.8358482059843,770.317931218885,0,0,0,0,0,385.1589656094425,1783.1537794248693,385.1589656094425,385.1589656094425
gl,interior,864,541,s,5064.179241029922,0,0,0,0,0,0,0,5064.179241029922,0,0
gl,interior,864,761,s,35449.25468720945,0,0,0,0,11554.768968283275,0,0,35449.25468720945,11554.768968283275,1155.4768968283274
gl,interior,864,833,s,0,0,0,0,0,0,0,0,0,0,0
gl,interior,865,318,s,7089.85093744189,0,0,0,0,0,0,0,7089.85093744189,0,0
gl,interior,865,372,s,0,0,0,0,0,385.1589656094425,0,0,0,385.1589656094425,0
gl,interior,865,372,t,0,0,0,0,0,1155.4768968283274,0,0,0,1155.4768968283274,1155.4768968283274
gl,interior,865,541,s,1012.8358482059843,0,0,0,0,0,0,0,1012.8358482059843,0,0
gl,interior,865,743,s,0,0,0,0,0,385.1589656094425,0,0,0,385.1589656094425,0
gl,interior,865,761,s,0,0,0,0,0,385.1589656094425,0,0,0,385.1589656094425,385.1589656094425
gl,interior,865,999,s,0,0,0,0,0,385.1589656094425,0,0,0,385.1589656094425,0
gl,interior,866,316,s,0,0,0,0,2025.6716964119687,0,0,0,0,2025.6716964119687,0
gl,interior,866,372,s,2025.6716964119687,0,0,0,0,12325.08689950216,0,0,2025.6716964119687,12325.08689950216,1540.63586243777
gl,interior,866,531,r,4051.3433928239374,0,0,0,2025.6716964119687,0,0,0,4051.3433928239374,2025.6716964119687,0
gl,interior,866,761,s,0,0,0,0,55705.97165132914,2310.953793656655,0,0,0,58016.9254449858,0
gl,interior,867,372,s,0,0,0,0,3038.507544617953,385.1589656094425,0,0,0,3423.6665102273955,385.1589656094425
gl,interior,867,531,r,0,0,0,0,3038.507544617953,0,0,0,0,3038.507544617953,0
gl,interior,867,531,s,0,0,0,0,0,770.317931218885,0,0,0,770.317931218885,770.317931218885
gl,interior,867,531,t,0,0,0,0,3038.507544617953,0,0,0,0,3038.507544617953,0
gl,interior,868,318,t,0,0,0,0,0,1540.63586243777,0,0,0,1540.63586243777,1540.63586243777
gl,interior,868,541,s,1012.8358482059843,0,0,0,2025.6716964119687,1155.4768968283274,0,0,1012.8358482059843,3181.148593240296,0
gl,interior,869,372,s,5064.179241029922,0,0,0,0,385.1589656094425,0,0,5064.179241029922,385.1589656094425,385.1589656094425
gl,interior,869,541,s,3038.507544617953,0,0,0,2025.6716964119687,0,0,0,3038.507544617953,2025.6716964119687,770.317931218885
gl,interior,869,743,s,1012.8358482059843,0,0,0,0,0,0,0,1012.8358482059843,0,0
gl,interior,870,318,t,0,0,0,0,5064.179241029922,385.1589656094425,0,0,0,5449.338206639364,770.317931218885
gl,interior,870,743,r,0,0,0,0,0,770.317931218885,0,0,0,770.317931218885,770.317931218885
gl,interior,871,372,s,0,0,0,0,0,385.1589656094425,0,0,0,385.1589656094425,0
gl,interior,871,375,s,3038.507544617953,0,0,0,0,770.317931218885,0,0,3038.507544617953,770.317931218885,0
gl,interior,871,743,r,15192.537723089765,0,0,0,0,5392.225518532195,770.317931218885,0,15192.537723089765,6162.54344975108,0
gl,interior,871,761,s,1012.8358482059843,0,0,0,0,3466.4306904849823,1540.63586243777,0,1012.8358482059843,5007.066552922752,1540.63586243777
gl,interior,872,531,t,0,0,0,0,1012.8358482059843,0,0,0,0,1012.8358482059843,0
gl,interior,872,541,s,1012.8358482059843,0,0,0,0,0,0,0,1012.8358482059843,0,0
gl,interior,872,743,r,0,0,0,0,0,3081.27172487554,0,0,0,3081.27172487554,1540.63586243777
gl,interior,872,761,s,0,0,0,0,0,385.1589656094425,0,0,0,385.1589656094425,0
gl,interior,872,762,s,0,0,0,0,0,385.1589656094425,0,0,0,385.1589656094425,0
gl,interior,875,315,r,0,0,0,0,2025.6716964119687,0,0,0,0,2025.6716964119687,0
gl,interior,875,315,s,0,0,0,0,1012.8358482059843,0,0,0,0,1012.8358482059843,0
gl,interior,875,372,s,0,0,0,0,0,385.1589656094425,0,0,0,385.1589656094425,0
gl,interior,875,541,s,0,0,0,0,3038.507544617953,0,0,0,0,3038.507544617953,0
gl,interior,875,621,s,0,0,0,0,11141.194330265827,0,0,0,0,11141.194330265827,0
gl,interior,875,761,s,0,0,0,0,0,1155.4768968283274,385.1589656094425,0,0,1540.63586243777,1540.63586243777
gl,interior,875,762,s,0,0,0,0,1012.8358482059843,0,0,0,0,1012.8358482059843,0
gl,interior,876,372,s,3038.507544617953,0,0,0,1012.8358482059843,0,0,0,3038.507544617953,1012.8358482059843,0
gl,interior,876,531,r,2025.6716964119687,0,0,0,0,0,0,0,2025.6716964119687,0,0
gl,interior,876,531,s,1012.8358482059843,0,0,0,0,0,0,0,1012.8358482059843,0,0
gl,interior,876,541,s,1012.8358482059843,0,0,0,0,0,0,0,1012.8358482059843,0,0
gl,interior,877,372,s,0,0,0,0,1012.8358482059843,0,0,0,0,1012.8358482059843,385.1589656094425
gl,interior,877,833,s,0,0,0,0,1012.8358482059843,0,0,0,0,1012.8358482059843,385.1589656094425
gl,interior,878,315,s,0,385.1589656094425,0,0,0,0,0,0,385.1589656094425,0,0
gl,interior,878,315,t,0,0,0,0,0,1155.4768968283274,0,0,0,1155.4768968283274,0
gl,interior,878,316,s,1012.8358482059843,0,0,0,0,0,0,0,1012.8358482059843,0,0
gl,interior,878,318,s,1012.8358482059843,0,0,0,0,0,0,0,1012.8358482059843,0,0
gl,interior,878,541,r,2025.6716964119687,0,0,0,4051.3433928239374,2310.953793656655,0,0,2025.6716964119687,6362.297186480592,0
gl,interior,878,541,s,1012.8358482059843,0,0,0,0,2696.1127592660973,0,0,1012.8358482059843,2696.1127592660973,0
gl,interior,878,743,r,0,0,0,0,0,2696.1127592660973,770.317931218885,0,0,3466.4306904849823,1155.4768968283274
gl,interior,878,999,s,0,0,0,0,0,2310.953793656655,0,0,0,2310.953793656655,385.1589656094425
gl,interior,879,743,r,4051.3433928239374,0,0,0,5064.179241029922,3081.27172487554,0,0,4051.3433928239374,8145.450965905462,770.317931218885
gl,interior,879,761,s,2025.6716964119687,0,0,0,3038.507544617953,0,770.317931218885,0,2025.6716964119687,3808.825475836838,770.317931218885
gl,interior,879,833,s,0,0,0,0,1012.8358482059843,0,0,0,0,1012.8358482059843,0
gl,perimeter,801,318,s,0,0,0,0,0,385.1589656094425,0,0,0,385.1589656094425,385.1589656094425
gl,perimeter,801,743,s,1012.8358482059843,0,0,0,0,385.1589656094425,0,0,1012.8358482059843,385.1589656094425,385.1589656094425
gl,perimeter,801,762,s,0,0,0,0,0,385.1589656094425,0,0,0,385.1589656094425,385.1589656094425
gl,perimeter,801,762,t,0,0,0,0,0,770.317931218885,0,0,0,770.317931218885,385.1589656094425
gl,perimeter,802,318,s,3038.507544617953,385.1589656094425,0,0,0,0,0,0,3423.6665102273955,0,0
gl,perimeter,802,318,t,0,0,0,0,0,385.1589656094425,0,0,0,385.1589656094425,0
gl,perimeter,802,541,s,22282.388660531655,385.1589656094425,0,0,0,0,0,0,22667.5476261411,0,0
gl,perimeter,802,743,s,0,0,0,0,0,1925.7948280472124,0,0,0,1925.7948280472124,770.317931218885
gl,perimeter,802,762,s,1012.8358482059843,0,0,0,0,385.1589656094425,0,0,1012.8358482059843,385.1589656094425,385.1589656094425
gl,perimeter,802,951,r,0,0,0,0,0,770.317931218885,0,0,0,770.317931218885,0
gl,perimeter,802,951,s,0,0,0,0,0,770.317931218885,0,0,0,770.317931218885,385.1589656094425
gl,perimeter,803,531,r,0,0,0,0,7089.85093744189,0,0,0,0,7089.85093744189,0
gl,perimeter,803,531,t,0,0,0,0,1012.8358482059843,0,0,0,0,1012.8358482059843,0
gl,perimeter,803,541,s,0,0,0,0,1012.8358482059843,1540.63586243777,0,0,0,2553.4717106437542,1540.63586243777
gl,perimeter,804,318,t,0,0,0,0,0,385.1589656094425,0,0,0,385.1589656094425,0
gl,perimeter,804,541,s,1012.8358482059843,0,0,0,2025.6716964119687,385.1589656094425,0,0,1012.8358482059843,2410.830662021411,1540.63586243777
gl,perimeter,804,541,t,0,0,0,0,0,1155.4768968283274,0,0,0,1155.4768968283274,0
gl,perimeter,804,762,s,0,0,0,0,0,385.1589656094425,0,0,0,385.1589656094425,0
gl,perimeter,805,375,s,1012.8358482059843,0,0,0,0,385.1589656094425,0,0,1012.8358482059843,385.1589656094425,0
gl,perimeter,805,531,r,9115.52263385386,0,0,0,0,0,0,0,9115.52263385386,0,0
gl,perimeter,805,531,t,0,0,0,0,5064.179241029922,0,0,0,0,5064.179241029922,0
gl,perimeter,805,541,s,1012.8358482059843,0,0,0,1012.8358482059843,0,0,0,1012.8358482059843,1012.8358482059843,385.1589656094425
gl,perimeter,805,743,r,0,0,0,0,0,385.1589656094425,0,0,0,385.1589656094425,0
gl,perimeter,805,743,s,0,0,0,0,0,770.317931218885,0,0,0,770.317931218885,770.317931218885
gl,perimeter,805,761,s,0,0,0,0,0,385.1589656094425,0,0,0,385.1589656094425,0
gl,perimeter,805,762,s,0,0,0,0,1012.8358482059843,0,0,0,0,1012.8358482059843,385.1589656094425
gl,perimeter,806,372,s,0,385.1589656094425,0,0,1012.8358482059843,0,0,0,385.1589656094425,1012.8358482059843,0
gl,perimeter,806,531,r,6077.015089235906,0,0,0,0,0,0,0,6077.015089235906,0,0
gl,perimeter,806,531,t,1012.8358482059843,0,0,0,0,0,0,0,1012.8358482059843,0,0
gl,perimeter,806,743,s,0,0,0,0,2025.6716964119687,0,0,0,0,2025.6716964119687,0
gl,perimeter,806,761,s,2025.6716964119687,0,0,0,0,1540.63586243777,770.317931218885,0,2025.6716964119687,2310.953793656655,1540.63586243777
gl,perimeter,807,316,s,1012.8358482059843,0,0,0,0,0,0,0,1012.8358482059843,0,0
gl,perimeter,807,318,r,1012.8358482059843,0,0,0,0,0,0,0,1012.8358482059843,0,0
gl,perimeter,807,318,t,2025.6716964119687,0,0,0,3038.507544617953,385.1589656094425,0,0,2025.6716964119687,3423.6665102273955,0
gl,perimeter,807,743,s,0,0,0,0,0,385.1589656094425,0,0,0,385.1589656094425,0
gl,perimeter,807,761,s,4051.3433928239374,385.1589656094425,0,0,0,1540.63586243777,385.1589656094425,0,4436.502358433379,1925.7948280472124,1540.63586243777
gl,perimeter,808,315,r,1012.8358482059843,0,0,0,3038.507544617953,1155.4768968283274,0,0,1012.8358482059843,4193.9844414462805,0
gl,perimeter,808,315,s,1012.8358482059843,0,0,0,0,385.1589656094425,0,0,1012.8358482059843,385.1589656094425,0
gl,perimeter,808,316,s,1012.8358482059843,0,0,0,0,0,0,0,1012.8358482059843,0,0
gl,perimeter,808,318,s,1012.8358482059843,0,0,0,0,0,0,0,1012.8358482059843,0,0
gl,perimeter,808,318,t,0,0,0,0,0,1540.63586243777,0,0,0,1540.63586243777,0
gl,perimeter,808,372,s,0,0,0,0,0,1540.63586243777,2310.953793656655,385.1589656094425,0,4236.748621703868,1540.63586243777
gl,perimeter,808,531,r,3038.507544617953,0,0,0,3038.507544617953,0,0,0,3038.507544617953,3038.507544617953,0
gl,perimeter,808,531,s,0,0,0,0,0,385.1589656094425,0,0,0,385.1589656094425,0
gl,perimeter,808,531,t,0,0,0,0,0,0,0,0,0,0,0
gl,perimeter,808,541,s,0,0,0,0,0,385.1589656094425,0,0,0,385.1589656094425,0
gl,perimeter,809,372,s,0,0,0,0,5064.179241029922,385.1589656094425,0,0,0,5449.338206639364,0
gl,perimeter,809,761,s,1012.8358482059843,0,0,0,0,4236.748621703868,0,0,1012.8358482059843,4236.748621703868,1540.63586243777
gl,perimeter,810,261,s,0,0,0,0,0,0,385.1589656094425,0,0,385.1589656094425,0
gl,perimeter,810,316,s,5064.179241029922,0,0,0,0,0,0,0,5064.179241029922,0,0
gl,perimeter,810,356,s,0,0,0,0,0,0,0,385.1589656094425,0,385.1589656094425,0
gl,perimeter,810,356,t,0,0,0,0,0,385.1589656094425,0,0,0,385.1589656094425,0
gl,perimeter,810,372,s,22282.388660531655,0,0,0,0,6932.861380969965,0,0,22282.388660531655,6932.861380969965,385.1589656094425
gl,perimeter,810,531,r,2025.6716964119687,0,0,0,0,0,0,0,2025.6716964119687,0,0
gl,perimeter,810,531,s,1012.8358482059843,0,0,0,0,1155.4768968283274,0,385.1589656094425,1012.8358482059843,1540.63586243777,1155.4768968283274
gl,perimeter,810,761,s,2025.6716964119687,0,0,0,0,1155.4768968283274,0,0,2025.6716964119687,1155.4768968283274,0
gl,perimeter,810,833,s,1012.8358482059843,0,0,0,0,0,0,0,1012.8358482059843,0,0
gl,perimeter,811,372,s,6077.015089235906,0,0,0,4051.3433928239374,20798.584142909895,0,0,6077.015089235906,24849.927535733834,1540.63586243777
gl,perimeter,811,531,r,18231.04526770772,0,0,0,14179.70187488378,0,0,0,18231.04526770772,14179.70187488378,0
gl,perimeter,811,531,s,0,0,0,0,0,0,0,0,0,0,0
gl,perimeter,811,531,t,0,0,0,0,4051.3433928239374,385.1589656094425,0,0,0,4436.502358433379,0
gl,perimeter,811,743,s,0,0,0,0,0,385.1589656094425,0,0,0,385.1589656094425,0
gl,perimeter,811,761,s,8102.686785647875,0,0,0,2025.6716964119687,385.1589656094425,0,0,8102.686785647875,2410.830662021411,0
gl,perimeter,812,372,s,1012.8358482059843,0,0,0,1012.8358482059843,3466.4306904849823,0,0,1012.8358482059843,4479.266538690967,385.1589656094425
gl,perimeter,812,531,r,5064.179241029922,0,0,0,9115.52263385386,0,0,0,5064.179241029922,9115.52263385386,0
gl,perimeter,812,621,s,1012.8358482059843,0,0,0,4051.3433928239374,770.317931218885,0,0,1012.8358482059843,4821.661324042822,385.1589656094425
gl,perimeter,812,743,s,0,0,0,0,0,385.1589656094425,0,0,0,385.1589656094425,385.1589656094425
gl,perimeter,812,761,s,0,0,0,0,0,1155.4768968283274,0,0,0,1155.4768968283274,385.1589656094425
gl,perimeter,813,379,s,0,0,0,0,0,0,385.1589656094425,0,0,385.1589656094425,385.1589656094425
gl,perimeter,813,761,s,0,0,0,0,0,385.1589656094425,0,0,0,385.1589656094425,385.1589656094425
gl,perimeter,813,833,s,0,0,0,0,1012.8358482059843,0,0,0,0,1012.8358482059843,385.1589656094425
gl,perimeter,815,372,s,0,0,0,0,1012.8358482059843,1925.7948280472124,0,0,0,2938.6306762531967,0
gl,perimeter,815,743,s,0,0,0,0,5064.179241029922,1155.4768968283274,0,0,0,6219.65613785825,770.317931218885
gl,perimeter,815,761,s,0,0,0,0,0,1540.63586243777,0,0,0,1540.63586243777,770.317931218885
gl,perimeter,816,372,s,1012.8358482059843,0,0,0,4051.3433928239374,3851.5896560944248,0,0,1012.8358482059843,7902.933048918362,770.317931218885
gl,perimeter,816,761,s,0,0,0,0,0,1155.4768968283274,385.1589656094425,0,0,1540.63586243777,770.317931218885
gl,perimeter,817,316,s,0,0,0,0,1012.8358482059843,0,0,0,0,1012.8358482059843,0
gl,perimeter,817,372,s,0,385.1589656094425,0,0,2025.6716964119687,385.1589656094425,0,0,385.1589656094425,2410.830662021411,0
gl,perimeter,817,531,r,1012.8358482059843,0,0,0,1012.8358482059843,0,0,0,1012.8358482059843,1012.8358482059843,0
gl,perimeter,817,531,s,0,0,0,0,1012.8358482059843,0,0,0,0,1012.8358482059843,0
gl,perimeter,817,541,s,0,0,0,0,1012.8358482059843,0,0,0,0,1012.8358482059843,0
gl,perimeter,817,743,r,0,385.1589656094425,0,0,0,4236.748621703868,0,0,385.1589656094425,4236.748621703868,1155.4768968283274
gl,perimeter,817,761,s,0,0,0,0,0,0,385.1589656094425,0,0,385.1589656094425,385.1589656094425
gl,perimeter,817,762,s,0,0,0,0,0,385.1589656094425,0,0,0,385.1589656094425,0
gl,perimeter,817,833,s,0,0,0,0,1012.8358482059843,0,0,0,0,1012.8358482059843,0
gl,perimeter,818,372,s,0,0,0,0,0,770.317931218885,0,0,0,770.317931218885,0
gl,perimeter,818,541,s,1012.8358482059843,0,0,0,0,0,0,0,1012.8358482059843,0,0
gl,perimeter,818,743,r,1012.8358482059843,0,0,0,0,770.317931218885,770.317931218885,0,1012.8358482059843,1540.63586243777,385.1589656094425
gl,perimeter,818,761,s,0,0,0,0,0,0,1925.7948280472124,0,0,1925.7948280472124,1155.4768968283274
gl,perimeter,818,833,s,1012.8358482059843,0,0,0,0,0,0,0,1012.8358482059843,0,0
gl,perimeter,819,356,s,2025.6716964119687,385.1589656094425,0,0,0,385.1589656094425,0,0,2410.830662021411,385.1589656094425,0
gl,perimeter,819,372,s,0,0,0,0,0,770.317931218885,0,0,0,770.317931218885,0
gl,perimeter,819,375,s,0,385.1589656094425,0,0,0,770.317931218885,0,0,385.1589656094425,770.317931218885,0
gl,perimeter,819,531,r,16205.37357129575,0,0,0,0,0,0,0,16205.37357129575,0,0
gl,perimeter,819,531,t,0,0,0,0,8102.686785647875,0,0,0,0,8102.686785647875,0
gl,perimeter,819,743,s,1012.8358482059843,385.1589656094425,0,0,0,1540.63586243777,0,0,1397.9948138154268,1540.63586243777,0
gl,perimeter,819,761,s,0,385.1589656094425,0,0,0,2696.1127592660973,2310.953793656655,0,385.1589656094425,5007.066552922752,1540.63586243777
gl,perimeter,819,833,s,1012.8358482059843,0,0,0,0,0,0,0,1012.8358482059843,0,0
gl,perimeter,820,375,s,3038.507544617953,770.317931218885,0,0,0,770.317931218885,0,0,3808.825475836838,770.317931218885,0
gl,perimeter,820,531,t,5064.179241029922,0,0,0,0,0,0,0,5064.179241029922,0,0
gl,perimeter,820,621,r,7089.85093744189,0,0,0,0,0,0,0,7089.85093744189,0,0
gl,perimeter,820,743,r,2025.6716964119687,2310.953793656655,0,0,0,3466.4306904849823,1925.7948280472124,0,4336.625490068624,5392.225518532195,1155.4768968283274
gl,perimeter,820,761,s,4051.3433928239374,2310.953793656655,0,0,0,4621.90758731331,1155.4768968283274,0,6362.297186480592,5777.384484141638,385.1589656094425
gl,perimeter,820,833,s,2025.6716964119687,0,0,0,0,0,0,0,2025.6716964119687,0,0
gl,perimeter,821,375,s,1012.8358482059843,0,0,0,0,1540.63586243777,0,0,1012.8358482059843,1540.63586243777,0
gl,perimeter,821,531,r,3038.507544617953,0,0,0,0,0,0,0,3038.507544617953,0,0
gl,perimeter,821,743,s,0,0,0,0,1012.8358482059843,6162.54344975108,770.317931218885,0,0,7945.697229175949,385.1589656094425
gl,perimeter,821,761,s,1012.8358482059843,770.317931218885,0,0,0,1925.7948280472124,2696.1127592660973,0,1783.1537794248693,4621.90758731331,1155.4768968283274
gl,perimeter,822,372,t,0,0,0,0,8102.686785647875,0,0,0,0,8102.686785647875,385.1589656094425
gl,perimeter,822,375,s,0,0,0,0,1012.8358482059843,0,0,0,0,1012.8358482059843,385.1589656094425
gl,perimeter,822,743,s,0,0,0,0,4051.3433928239374,2310.953793656655,0,0,0,6362.297186480592,770.317931218885
gl,perimeter,823,541,s,2025.6716964119687,0,0,0,1012.8358482059843,0,0,0,2025.6716964119687,1012.8358482059843,0
gl,perimeter,823,743,s,0,0,0,0,1012.8358482059843,3081.27172487554,770.317931218885,0,0,4864.425504300409,770.317931218885
gl,perimeter,823,761,s,0,0,0,0,0,385.1589656094425,385.1589656094425,0,0,770.317931218885,770.317931218885
gl,perimeter,824,541,s,1012.8358482059843,0,0,0,0,0,0,0,1012.8358482059843,0,0
gl,perimeter,824,743,s,0,770.317931218885,0,0,0,770.317931218885,385.1589656094425,0,770.317931218885,1155.4768968283274,0
gl,perimeter,824,761,s,1012.8358482059843,385.1589656094425,0,0,0,770.317931218885,3081.27172487554,385.1589656094425,1397.9948138154268,4236.748621703868,1540.63586243777
gl,perimeter,825,531,s,1012.8358482059843,0,0,0,1012.8358482059843,0,0,0,1012.8358482059843,1012.8358482059843,0
gl,perimeter,825,743,s,1012.8358482059843,385.1589656094425,0,0,0,0,0,0,1397.9948138154268,0,0
gl,perimeter,825,761,s,0,1925.7948280472124,0,0,0,1540.63586243777,4236.748621703868,0,1925.7948280472124,5777.384484141638,1540.63586243777
gl,perimeter,826,316,s,1012.8358482059843,0,0,0,0,0,0,0,1012.8358482059843,0,0
gl,perimeter,826,316,t,1012.8358482059843,0,0,0,3038.507544617953,385.1589656094425,0,0,1012.8358482059843,3423.6665102273955,385.1589656094425
gl,perimeter,826,356,s,0,0,0,0,1012.8358482059843,0,0,0,0,1012.8358482059843,0
gl,perimeter,826,375,s,1012.8358482059843,0,0,0,1012.8358482059843,385.1589656094425,0,0,1012.8358482059843,1397.9948138154268,0
gl,perimeter,826,531,r,0,0,0,0,7089.85093744189,0,0,0,0,7089.85093744189,0
gl,perimeter,826,531,t,0,0,0,0,0,0,0,0,0,0,0
gl,perimeter,826,743,s,2025.6716964119687,0,0,0,12154.030178471812,0,0,0,2025.6716964119687,12154.030178471812,1155.4768968283274
gl,perimeter,826,833,s,0,0,0,0,1012.8358482059843,0,0,0,0,1012.8358482059843,0
gl,perimeter,827,316,r,2025.6716964119687,0,0,0,0,0,0,0,2025.6716964119687,0,0
gl,perimeter,827,316,s,0,0,0,0,3038.507544617953,0,0,0,0,3038.507544617953,0
gl,perimeter,827,316,t,0,0,0,0,1012.8358482059843,385.1589656094425,0,0,0,1397.9948138154268,0
gl,perimeter,827,375,s,0,0,0,0,0,385.1589656094425,0,0,0,385.1589656094425,385.1589656094425
gl,perimeter,827,743,r,8102.686785647875,770.317931218885,0,0,2025.6716964119687,3466.4306904849823,385.1589656094425,0,8873.004716866759,5877.261352506393,1155.4768968283274
gl,perimeter,828,375,s,1012.8358482059843,0,0,0,2025.6716964119687,770.317931218885,0,0,1012.8358482059843,2795.9896276308536,0
gl,perimeter,828,541,t,0,0,0,0,0,1540.63586243777,0,0,0,1540.63586243777,385.1589656094425
gl,perimeter,828,743,s,5064.179241029922,0,0,0,8102.686785647875,2696.1127592660973,385.1589656094425,0,5064.179241029922,11183.958510523415,1155.4768968283274
gl,perimeter,828,761,s,0,0,0,0,1012.8358482059843,0,0,0,0,1012.8358482059843,0
gl,perimeter,829,315,s,0,0,0,0,1012.8358482059843,0,0,0,0,1012.8358482059843,0
gl,perimeter,829,316,t,0,0,0,0,0,1155.4768968283274,0,0,0,1155.4768968283274,385.1589656094425
gl,perimeter,829,356,s,0,0,0,0,1012.8358482059843,0,0,0,0,1012.8358482059843,0
gl,perimeter,829,531,s,1012.8358482059843,0,0,0,0,0,0,0,1012.8358482059843,0,0
gl,perimeter,829,531,t,0,0,0,0,4051.3433928239374,0,0,0,0,4051.3433928239374,0
gl,perimeter,829,541,s,0,0,0,0,1012.8358482059843,0,0,0,0,1012.8358482059843,385.1589656094425
gl,perimeter,829,743,s,0,0,0,0,0,385.1589656094425,0,0,0,385.1589656094425,385.1589656094425
gl,perimeter,829,761,s,0,0,0,0,2025.6716964119687,0,0,0,0,2025.6716964119687,0
gl,perimeter,829,833,s,0,0,0,0,1012.8358482059843,0,0,0,0,1012.8358482059843,385.1589656094425
gl,perimeter,830,316,s,0,0,0,0,0,385.1589656094425,0,0,0,385.1589656094425,0
gl,perimeter,830,316,s,4051.3433928239374,0,0,0,2025.6716964119687,2310.953793656655,0,0,4051.3433928239374,4336.625490068624,385.1589656094425
gl,perimeter,830,356,s,3038.507544617953,0,0,0,1012.8358482059843,0,0,0,3038.507544617953,1012.8358482059843,0
gl,perimeter,830,375,s,3038.507544617953,0,0,0,1012.8358482059843,0,0,0,3038.507544617953,1012.8358482059843,0
gl,perimeter,830,743,s,2025.6716964119687,0,0,0,6077.015089235906,3466.4306904849823,0,0,2025.6716964119687,9543.445779720889,1155.4768968283274
gl,perimeter,831,316,r,1012.8358482059843,0,0,0,3038.507544617953,1155.4768968283274,0,0,1012.8358482059843,4193.9844414462805,770.317931218885
gl,perimeter,831,316,s,3038.507544617953,0,0,0,3038.507544617953,0,0,0,3038.507544617953,3038.507544617953,385.1589656094425
gl,perimeter,831,316,t,7089.85093744189,0,0,0,0,2696.1127592660973,0,0,7089.85093744189,2696.1127592660973,0
gl,perimeter,831,318,t,0,385.1589656094425,0,0,0,0,0,0,385.1589656094425,0,0
gl,perimeter,831,531,t,2025.6716964119687,0,0,0,0,0,0,0,2025.6716964119687,0,0
gl,perimeter,831,743,s,0,770.317931218885,0,0,0,1925.7948280472124,0,0,770.317931218885,1925.7948280472124,385.1589656094425
gl,perimeter,832,316,s,0,0,0,0,2025.6716964119687,0,0,0,0,2025.6716964119687,0
gl,perimeter,832,375,s,0,0,0,0,2025.6716964119687,0,0,0,0,2025.6716964119687,0
gl,perimeter,832,743,s,0,0,0,0,2025.6716964119687,1155.4768968283274,0,0,0,3181.148593240296,1155.4768968283274
gl,perimeter,833,375,s,0,0,0,0,1012.8358482059843,0,0,0,0,1012.8358482059843,385.1589656094425
gl,perimeter,833,743,r,2025.6716964119687,770.317931218885,0,0,15192.537723089765,0,0,0,2795.9896276308536,15192.537723089765,1155.4768968283274
gl,perimeter,834,316,s,0,0,0,0,5064.179241029922,0,0,0,0,5064.179241029922,385.1589656094425
gl,perimeter,834,743,s,5064.179241029922,0,0,0,4051.3433928239374,770.317931218885,0,0,5064.179241029922,4821.661324042822,770.317931218885
gl,perimeter,834,90,s,1012.8358482059843,0,0,0,3038.507544617953,0,0,0,1012.8358482059843,3038.507544617953,385.1589656094425
gl,perimeter,835,316,s,0,0,0,0,0,385.1589656094425,0,0,0,385.1589656094425,0
gl,perimeter,835,318,s,0,0,0,0,5064.179241029922,385.1589656094425,0,0,0,5449.338206639364,385.1589656094425
gl,perimeter,835,356,s,0,0,0,0,0,385.1589656094425,0,0,0,385.1589656094425,0
gl,perimeter,835,541,s,0,0,0,0,1012.8358482059843,1540.63586243777,0,0,0,2553.4717106437542,770.317931218885
gl,perimeter,835,761,s,0,0,0,0,0,385.1589656094425,0,0,0,385.1589656094425,0
gl,perimeter,835,762,s,0,0,0,0,1012.8358482059843,770.317931218885,0,0,0,1783.1537794248693,385.1589656094425
rp,interior,334,372,s,0,0,0,0,4051.3433928239374,0,0,0,0,4051.3433928239374,385.1589656094425
rp,interior,334,761,s,0,0,0,0,1012.8358482059843,0,0,0,0,1012.8358482059843,0
rp,interior,334,833,s,0,0,0,0,1012.8358482059843,385.1589656094425,0,0,0,1397.9948138154268,385.1589656094425
rp,interior,335,356,s,1012.8358482059843,0,0,0,0,0,0,0,1012.8358482059843,0,0
rp,interior,335,356,t,0,1540.63586243777,0,0,0,0,0,0,1540.63586243777,0,0
rp,interior,335,541,s,2025.6716964119687,0,0,0,0,0,0,0,2025.6716964119687,0,0
rp,interior,335,743,r,2025.6716964119687,385.1589656094425,0,0,0,0,0,0,2410.830662021411,0,0
rp,interior,335,746,r,4051.3433928239374,5392.225518532195,0,0,0,1540.63586243777,6162.54344975108,770.317931218885,9443.568911356131,8473.497243407735,0
rp,interior,335,762,s,2025.6716964119687,0,0,0,0,0,0,0,2025.6716964119687,0,0
rp,interior,336,316,s,2025.6716964119687,0,0,0,0,0,0,0,2025.6716964119687,0,0
rp,interior,336,356,s,0,0,0,0,9115.52263385386,385.1589656094425,0,0,0,9500.681599463302,0
rp,interior,336,356,t,4051.3433928239374,0,0,0,0,0,0,0,4051.3433928239374,0,0
rp,interior,336,372,s,1012.8358482059843,0,0,0,0,0,0,0,1012.8358482059843,0,0
rp,interior,336,541,s,0,0,0,0,1012.8358482059843,385.1589656094425,0,0,0,1397.9948138154268,0
rp,interior,336,743,r,0,0,0,0,0,4236.748621703868,1540.63586243777,0,0,5777.384484141638,1540.63586243777
rp,interior,336,762,s,0,0,0,0,0,385.1589656094425,0,0,0,385.1589656094425,0
rp,interior,336,763,r,0,0,0,0,1012.8358482059843,385.1589656094425,0,0,0,1397.9948138154268,0
rp,interior,337,316,s,0,0,0,0,8102.686785647875,385.1589656094425,0,0,0,8487.845751257317,1155.4768968283274
rp,interior,337,356,r,0,0,0,0,2025.6716964119687,0,0,0,0,2025.6716964119687,385.1589656094425
rp,interior,337,356,s,0,0,0,0,1012.8358482059843,0,0,0,0,1012.8358482059843,0
rp,interior,337,743,s,0,0,0,0,3038.507544617953,0,0,0,0,3038.507544617953,0
rp,interior,338,316,s,0,0,0,0,20256.71696411969,0,0,0,0,20256.71696411969,0
rp,interior,338,316,t,0,0,0,0,0,1540.63586243777,0,0,0,1540.63586243777,1540.63586243777
rp,interior,338,318,s,0,0,0,0,1012.8358482059843,0,0,0,0,1012.8358482059843,0
rp,interior,338,356,r,0,0,0,0,3038.507544617953,1155.4768968283274,0,0,0,4193.9844414462805,0
rp,interior,338,356,s,0,0,0,0,14179.70187488378,0,0,0,0,14179.70187488378,0
rp,interior,338,541,s,0,0,0,0,4051.3433928239374,0,0,0,0,4051.3433928239374,0
rp,interior,339,316,s,0,0,0,0,0,385.1589656094425,0,0,0,385.1589656094425,385.1589656094425
rp,interior,339,356,s,0,0,0,0,5064.179241029922,0,0,0,0,5064.179241029922,0
rp,interior,339,541,s,0,0,0,0,4051.3433928239374,0,0,0,0,4051.3433928239374,385.1589656094425
rp,interior,339,802,s,0,0,0,0,1012.8358482059843,0,0,0,0,1012.8358482059843,385.1589656094425
rp,interior,339,833,s,0,0,0,0,2025.6716964119687,0,0,0,0,2025.6716964119687,385.1589656094425
rp,interior,340,129,s,1012.8358482059843,0,0,0,0,0,0,0,1012.8358482059843,0,0
rp,interior,340,316,s,12154.030178471812,0,0,0,0,0,0,0,12154.030178471812,0,0
rp,interior,340,391,s,0,0,0,0,0,385.1589656094425,0,0,0,385.1589656094425,0
rp,interior,340,541,s,3038.507544617953,0,0,0,6077.015089235906,2696.1127592660973,0,0,3038.507544617953,8773.127848502003,0
rp,interior,340,701,s,0,0,0,0,0,385.1589656094425,0,0,0,385.1589656094425,0
rp,interior,340,761,s,0,0,0,0,0,770.317931218885,770.317931218885,0,0,1540.63586243777,1540.63586243777
rp,interior,340,763,r,0,0,0,0,0,770.317931218885,0,0,0,770.317931218885,0
rp,interior,340,763,s,0,0,0,0,0,1155.4768968283274,0,0,0,1155.4768968283274,0
rp,interior,340,832,s,0,0,0,0,3038.507544617953,0,0,0,0,3038.507544617953,0
rp,interior,340,833,s,0,0,0,0,1012.8358482059843,770.317931218885,0,0,0,1783.1537794248693,0
rp,interior,341,316,s,0,0,0,0,1012.8358482059843,0,0,0,0,1012.8358482059843,0
rp,interior,341,356,s,0,0,0,0,2025.6716964119687,0,0,0,0,2025.6716964119687,0
rp,interior,341,743,r,1012.8358482059843,0,0,0,1012.8358482059843,1540.63586243777,385.1589656094425,0,1012.8358482059843,2938.6306762531967,1540.63586243777
rp,interior,341,761,s,0,0,0,0,1012.8358482059843,385.1589656094425,0,0,0,1397.9948138154268,0
rp,interior,342,316,t,0,0,0,0,6077.015089235906,1155.4768968283274,0,0,0,7232.491986064233,770.317931218885
rp,interior,342,356,r,0,0,0,0,5064.179241029922,0,0,0,0,5064.179241029922,0
rp,interior,342,531,r,0,0,0,0,3038.507544617953,0,0,0,0,3038.507544617953,0
rp,interior,342,531,s,0,0,0,0,0,0,0,0,0,0,0
rp,interior,342,743,r,0,0,0,0,0,385.1589656094425,385.1589656094425,385.1589656094425,0,1155.4768968283274,770.317931218885
rp,interior,342,746,r,0,0,0,0,0,0,0,385.1589656094425,0,385.1589656094425,0
rp,interior,343,356,r,0,0,0,0,4051.3433928239374,0,0,0,0,4051.3433928239374,770.317931218885
rp,interior,343,356,s,2025.6716964119687,0,0,0,5064.179241029922,0,0,0,2025.6716964119687,5064.179241029922,0
rp,interior,343,531,r,0,0,0,0,5064.179241029922,0,0,0,0,5064.179241029922,0
rp,interior,343,541,s,1012.8358482059843,0,0,0,0,0,0,0,1012.8358482059843,0,0
rp,interior,343,743,r,0,0,0,0,1012.8358482059843,770.317931218885,0,0,0,1783.1537794248693,770.317931218885
rp,interior,344,316,s,1012.8358482059843,0,0,0,1012.8358482059843,0,0,385.1589656094425,1012.8358482059843,1397.9948138154268,0
rp,interior,344,316,t,0,0,0,0,3038.507544617953,385.1589656094425,0,0,0,3423.6665102273955,0
rp,interior,344,356,r,5064.179241029922,0,0,0,2025.6716964119687,0,0,0,5064.179241029922,2025.6716964119687,0
rp,interior,344,356,t,1012.8358482059843,0,0,0,0,385.1589656094425,0,0,1012.8358482059843,385.1589656094425,0
rp,interior,344,372,s,0,0,0,0,2025.6716964119687,385.1589656094425,0,0,0,2410.830662021411,0
rp,interior,344,746,r,0,0,0,0,0,1540.63586243777,0,1155.4768968283274,0,2696.1127592660973,0
rp,interior,345,316,s,0,0,0,0,7089.85093744189,0,0,0,0,7089.85093744189,0
rp,interior,345,541,s,0,0,0,0,3038.507544617953,0,0,0,0,3038.507544617953,770.317931218885
rp,interior,345,541,t,0,0,0,0,4051.3433928239374,0,0,0,0,4051.3433928239374,770.317931218885
rp,interior,346,315,s,0,0,0,0,2025.6716964119687,0,0,0,0,2025.6716964119687,0
rp,interior,346,316,s,0,0,0,0,28359.40374976756,385.1589656094425,0,0,0,28744.562715377004,0
rp,interior,346,318,s,0,0,0,0,1012.8358482059843,0,0,0,0,1012.8358482059843,0
rp,interior,346,372,s,0,0,0,0,1012.8358482059843,0,0,0,0,1012.8358482059843,0
rp,interior,346,541,s,1012.8358482059843,0,0,0,1012.8358482059843,0,0,0,1012.8358482059843,1012.8358482059843,0
rp,interior,346,743,s,0,0,0,0,0,385.1589656094425,0,0,0,385.1589656094425,385.1589656094425
rp,interior,346,761,r,0,0,0,0,0,1540.63586243777,385.1589656094425,0,0,1925.7948280472124,1155.4768968283274
rp,interior,346,833,r,0,0,0,0,4051.3433928239374,0,0,0,0,4051.3433928239374,0
rp,interior,346,833,s,0,0,0,0,2025.6716964119687,0,0,0,0,2025.6716964119687,0
rp,interior,347,316,s,0,0,0,0,1012.8358482059843,0,0,0,0,1012.8358482059843,0
rp,interior,347,541,s,0,0,0,0,1012.8358482059843,0,0,0,0,1012.8358482059843,0
rp,interior,347,743,r,0,0,0,0,1012.8358482059843,3081.27172487554,0,0,0,4094.107573081524,1155.4768968283274
rp,interior,347,761,s,0,0,0,0,11141.194330265827,770.317931218885,0,0,0,11911.512261484713,385.1589656094425
rp,interior,347,833,s,0,0,0,0,1012.8358482059843,0,0,0,0,1012.8358482059843,0
rp,interior,348,316,s,0,0,0,0,11141.194330265827,0,0,0,0,11141.194330265827,0
rp,interior,348,316,t,0,0,0,0,3038.507544617953,0,0,0,0,3038.507544617953,0
rp,interior,348,356,t,0,0,0,0,8102.686785647875,1540.63586243777,0,0,0,9643.322648085645,1540.63586243777
rp,interior,348,531,t,0,0,0,0,4051.3433928239374,0,0,0,0,4051.3433928239374,0
rp,interior,348,541,s,1012.8358482059843,0,0,0,1012.8358482059843,0,0,0,1012.8358482059843,1012.8358482059843,0
rp,interior,348,541,t,0,0,0,0,2025.6716964119687,0,0,0,0,2025.6716964119687,0
rp,interior,348,761,s,0,0,0,0,1012.8358482059843,1925.7948280472124,0,0,0,2938.6306762531967,0
rp,interior,348,762,s,0,0,0,0,1012.8358482059843,0,0,0,0,1012.8358482059843,0
rp,interior,348,833,s,0,0,0,0,2025.6716964119687,0,0,0,0,2025.6716964119687,0
rp,perimeter,880,316,s,1012.8358482059843,0,0,0,0,0,0,0,1012.8358482059843,0,0
rp,perimeter,880,356,t,0,0,0,0,0,1155.4768968283274,0,0,0,1155.4768968283274,0
rp,perimeter,880,372,s,1012.8358482059843,0,0,0,0,0,0,0,1012.8358482059843,0,0
rp,perimeter,880,761,s,3038.507544617953,0,0,0,8102.686785647875,17332.15345242491,0,0,3038.507544617953,25434.840238072786,1540.63586243777
rp,perimeter,881,316,t,0,0,0,0,0,1540.63586243777,0,0,0,1540.63586243777,385.1589656094425
rp,perimeter,881,356,s,10128.358482059844,385.1589656094425,0,0,2025.6716964119687,5007.066552922752,0,0,10513.517447669286,7032.73824933472,0
rp,perimeter,881,356,t,1012.8358482059843,0,0,0,4051.3433928239374,3851.5896560944248,0,0,1012.8358482059843,7902.933048918362,0
rp,perimeter,881,743,s,0,0,0,0,0,385.1589656094425,0,0,0,385.1589656094425,0
rp,perimeter,881,761,s,0,0,0,0,0,4236.748621703868,0,0,0,4236.748621703868,1155.4768968283274
rp,perimeter,882,743,r,0,0,0,0,5064.179241029922,1925.7948280472124,0,0,0,6989.974069077134,1540.63586243777
rp,perimeter,882,761,s,0,0,0,0,5064.179241029922,0,0,0,0,5064.179241029922,0
rp,perimeter,883,316,s,0,0,0,0,1012.8358482059843,0,0,0,0,1012.8358482059843,0
rp,perimeter,883,356,r,1012.8358482059843,0,0,0,6077.015089235906,385.1589656094425,0,0,1012.8358482059843,6462.174054845349,385.1589656094425
rp,perimeter,883,356,s,3038.507544617953,0,0,0,2025.6716964119687,385.1589656094425,0,0,3038.507544617953,2410.830662021411,0
rp,perimeter,883,531,s,1012.8358482059843,0,0,0,0,0,0,0,1012.8358482059843,0,0
rp,perimeter,883,541,s,1012.8358482059843,0,0,0,0,385.1589656094425,0,0,1012.8358482059843,385.1589656094425,385.1589656094425
rp,perimeter,883,743,r,0,0,0,0,0,770.317931218885,0,0,0,770.317931218885,770.317931218885
rp,perimeter,883,833,s,0,0,0,0,1012.8358482059843,0,0,0,0,1012.8358482059843,0
rp,perimeter,884,316,t,0,0,0,0,4051.3433928239374,1540.63586243777,0,0,0,5591.979255261707,385.1589656094425
rp,perimeter,884,743,r,0,0,0,0,0,385.1589656094425,0,0,0,385.1589656094425,385.1589656094425
rp,perimeter,884,761,s,0,0,0,0,0,1155.4768968283274,0,0,0,1155.4768968283274,770.317931218885
rp,perimeter,885,316,s,2025.6716964119687,0,0,0,0,0,0,0,2025.6716964119687,0,0
rp,perimeter,885,356,s,0,385.1589656094425,0,0,0,0,0,0,385.1589656094425,0,0
rp,perimeter,885,372,s,1012.8358482059843,0,0,0,0,0,0,0,1012.8358482059843,0,0
rp,perimeter,885,375,s,0,0,0,0,0,385.1589656094425,0,0,0,385.1589656094425,0
rp,perimeter,885,743,r,2025.6716964119687,0,0,0,0,5777.384484141638,1540.63586243777,0,2025.6716964119687,7318.0203465794075,0
rp,perimeter,886,315,s,1012.8358482059843,0,0,0,0,0,0,0,1012.8358482059843,0,0
rp,perimeter,886,316,s,1012.8358482059843,0,0,0,0,0,0,0,1012.8358482059843,0,0
rp,perimeter,886,701,s,0,385.1589656094425,0,0,0,0,0,0,385.1589656094425,0,0
rp,perimeter,886,743,r,0,0,0,0,0,1540.63586243777,1155.4768968283274,0,0,2696.1127592660973,385.1589656094425
rp,perimeter,886,746,r,2025.6716964119687,0,0,0,0,5007.066552922752,5777.384484141638,385.1589656094425,2025.6716964119687,11169.610002673831,1155.4768968283274
rp,perimeter,886,761,s,0,385.1589656094425,0,0,0,0,0,0,385.1589656094425,0,0
rp,perimeter,887,316,s,2025.6716964119687,0,0,0,0,0,0,0,2025.6716964119687,0,0
rp,perimeter,887,316,t,2025.6716964119687,0,0,0,0,1925.7948280472124,0,0,2025.6716964119687,1925.7948280472124,385.1589656094425
rp,perimeter,887,356,t,0,0,0,0,0,1540.63586243777,0,0,0,1540.63586243777,0
rp,perimeter,887,375,t,0,0,0,0,0,1155.4768968283274,0,0,0,1155.4768968283274,0
rp,perimeter,887,531,s,0,0,0,0,1012.8358482059843,0,0,0,0,1012.8358482059843,0
rp,perimeter,887,531,t,0,0,0,0,4051.3433928239374,385.1589656094425,0,0,0,4436.502358433379,0
rp,perimeter,887,701,t,0,0,0,0,0,5007.066552922752,0,0,0,5007.066552922752,770.317931218885
rp,perimeter,887,761,s,1012.8358482059843,0,0,0,0,1155.4768968283274,0,0,1012.8358482059843,1155.4768968283274,385.1589656094425
rp,perimeter,887,833,s,4051.3433928239374,0,0,0,0,0,0,0,4051.3433928239374,0,0
rp,perimeter,888,316,t,0,0,0,0,1012.8358482059843,1540.63586243777,0,0,0,2553.4717106437542,1540.63586243777
rp,perimeter,888,356,s,0,0,0,0,1012.8358482059843,0,0,0,0,1012.8358482059843,0
rp,perimeter,889,372,s,1012.8358482059843,0,0,0,0,0,0,0,1012.8358482059843,0,0
rp,perimeter,889,541,s,0,0,0,0,2025.6716964119687,0,0,0,0,2025.6716964119687,770.317931218885
rp,perimeter,890,316,s,0,0,0,0,2025.6716964119687,0,0,0,0,2025.6716964119687,0
rp,perimeter,890,372,s,0,0,0,0,2025.6716964119687,0,0,0,0,2025.6716964119687,0
rp,perimeter,890,375,s,0,0,0,0,1012.8358482059843,385.1589656094425,0,0,0,1397.9948138154268,385.1589656094425
rp,perimeter,890,541,s,1012.8358482059843,0,0,0,2025.6716964119687,0,0,0,1012.8358482059843,2025.6716964119687,0
rp,perimeter,890,743,r,0,0,0,0,3038.507544617953,0,0,0,0,3038.507544617953,0
rp,perimeter,890,761,s,0,0,0,0,0,1155.4768968283274,0,0,0,1155.4768968283274,1155.4768968283274
rp,perimeter,890,763,s,0,0,0,0,1012.8358482059843,0,0,0,0,1012.8358482059843,0
rp,perimeter,890,999,s,0,0,0,0,1012.8358482059843,0,0,0,0,1012.8358482059843,0
rp,perimeter,891,316,s,4051.3433928239374,0,0,0,6077.015089235906,0,0,0,4051.3433928239374,6077.015089235906,0
rp,perimeter,891,318,s,1012.8358482059843,0,0,0,0,0,0,0,1012.8358482059843,0,0
rp,perimeter,891,356,r,10128.358482059844,0,0,0,9115.52263385386,770.317931218885,0,0,10128.358482059844,9885.840565072744,0
rp,perimeter,891,375,s,1012.8358482059843,0,0,0,1012.8358482059843,0,0,0,1012.8358482059843,1012.8358482059843,0
rp,perimeter,891,531,s,2025.6716964119687,0,0,0,0,0,0,0,2025.6716964119687,0,0
rp,perimeter,891,743,r,0,0,0,0,0,1155.4768968283274,0,0,0,1155.4768968283274,770.317931218885
rp,perimeter,891,761,s,0,0,0,0,12154.030178471812,770.317931218885,0,0,0,12924.348109690698,385.1589656094425
rp,perimeter,891,762,s,0,0,0,0,2025.6716964119687,0,0,0,0,2025.6716964119687,0
rp,perimeter,891,833,s,0,0,0,0,0,770.317931218885,0,0,0,770.317931218885,385.1589656094425
rp,perimeter,892,316,s,0,0,0,0,3038.507544617953,0,0,0,0,3038.507544617953,0
rp,perimeter,892,356,s,1012.8358482059843,0,0,0,1012.8358482059843,0,0,0,1012.8358482059843,1012.8358482059843,0
rp,perimeter,892,375,s,0,0,0,0,1012.8358482059843,0,0,0,0,1012.8358482059843,0
rp,perimeter,892,761,s,0,0,0,0,4051.3433928239374,3466.4306904849823,0,0,0,7517.774083308919,1540.63586243777
rp,perimeter,892,833,s,0,0,0,0,1012.8358482059843,0,0,0,0,1012.8358482059843,0
wedge,interior,370,372,s,6077.015089235906,0,0,0,12154.030178471812,0,0,0,6077.015089235906,12154.030178471812,0
wedge,interior,370,743,r,0,0,0,0,0,2696.1127592660973,1540.63586243777,0,0,4236.748621703868,1540.63586243777
wedge,interior,370,746,s,1012.8358482059843,0,0,0,0,0,0,0,1012.8358482059843,0,0
wedge,interior,370,761,s,4051.3433928239374,0,0,0,4051.3433928239374,770.317931218885,0,0,4051.3433928239374,4821.661324042822,0
wedge,interior,371,372,s,6077.015089235906,0,0,0,16205.37357129575,0,0,0,6077.015089235906,16205.37357129575,0
wedge,interior,371,531,r,1012.8358482059843,0,0,0,1012.8358482059843,0,0,0,1012.8358482059843,1012.8358482059843,0
wedge,interior,371,761,s,0,0,0,0,0,1155.4768968283274,0,0,0,1155.4768968283274,1155.4768968283274
wedge,interior,372,372,s,3038.507544617953,0,0,0,0,0,0,0,3038.507544617953,0,0
wedge,interior,372,761,s,0,0,0,0,3038.507544617953,7703.1793121888495,1540.63586243777,0,0,12282.322719244572,1540.63586243777
wedge,interior,373,372,s,0,0,0,0,98245.07727598048,0,0,0,0,98245.07727598048,0
wedge,interior,373,761,s,0,0,0,0,24308.060356943624,0,0,0,0,24308.060356943624,1540.63586243777
wedge,interior,374,761,s,0,0,0,0,0,1155.4768968283274,5777.384484141638,770.317931218885,0,7703.17931218885,1540.63586243777
wedge,interior,375,316,s,1012.8358482059843,0,0,0,0,0,0,0,1012.8358482059843,0,0
wedge,interior,375,372,s,2025.6716964119687,0,0,0,1012.8358482059843,0,0,0,2025.6716964119687,1012.8358482059843,385.1589656094425
wedge,interior,375,531,r,0,0,0,0,1012.8358482059843,0,0,0,0,1012.8358482059843,385.1589656094425
wedge,interior,375,541,s,2025.6716964119687,0,0,0,0,0,0,0,2025.6716964119687,0,0
wedge,interior,375,743,s,0,0,0,0,1012.8358482059843,0,0,0,0,1012.8358482059843,0
wedge,interior,375,761,s,0,0,0,0,0,385.1589656094425,385.1589656094425,0,0,770.317931218885,770.317931218885
wedge,interior,376,761,s,3038.507544617953,4621.90758731331,0,0,0,7703.1793121888495,11939.927933892717,0,7660.415131931262,19643.107246081567,1540.63586243777
wedge,interior,377,761,s,0,9628.974140236061,0,0,0,16176.676555596583,3851.5896560944248,0,9628.974140236061,20028.266211691007,1540.63586243777
wedge,interior,378,315,r,1012.8358482059843,0,0,0,1012.8358482059843,770.317931218885,0,0,1012.8358482059843,1783.1537794248693,770.317931218885
wedge,interior,378,315,t,0,0,0,0,2025.6716964119687,385.1589656094425,0,0,0,2410.830662021411,770.317931218885
wedge,interior,378,372,s,1012.8358482059843,0,0,0,1012.8358482059843,0,0,0,1012.8358482059843,1012.8358482059843,0
wedge,interior,378,541,s,1012.8358482059843,0,0,0,1012.8358482059843,0,0,0,1012.8358482059843,1012.8358482059843,0
wedge,interior,378,761,s,1012.8358482059843,0,0,0,1012.8358482059843,0,0,0,1012.8358482059843,1012.8358482059843,0
wedge,interior,379,761,s,0,0,0,0,0,385.1589656094425,0,0,0,385.1589656094425,0
wedge,interior,380,372,s,1012.8358482059843,0,0,0,0,0,0,0,1012.8358482059843,0,0
wedge,interior,380,541,s,0,0,0,0,1012.8358482059843,0,0,0,0,1012.8358482059843,0
wedge,interior,380,761,s,0,0,0,0,0,2696.1127592660973,0,0,0,2696.1127592660973,0
wedge,interior,381,541,s,1012.8358482059843,0,0,0,1012.8358482059843,0,0,0,1012.8358482059843,1012.8358482059843,770.317931218885
wedge,interior,382,541,s,3038.507544617953,0,0,0,0,0,0,0,3038.507544617953,0,0
wedge,interior,382,761,s,0,0,0,0,0,1540.63586243777,770.317931218885,0,0,2310.953793656655,1540.63586243777
wedge,interior,383,372,s,1012.8358482059843,0,0,0,1012.8358482059843,0,0,0,1012.8358482059843,1012.8358482059843,0
wedge,interior,383,761,s,0,0,0,0,2025.6716964119687,5392.225518532195,0,0,0,7417.897214944163,0
wedge,interior,383,762,s,0,0,0,0,1012.8358482059843,0,0,0,0,1012.8358482059843,0
wedge,interior,383,951,t,0,0,0,0,0,1540.63586243777,1155.4768968283274,0,0,2696.1127592660973,1540.63586243777
wedge,perimeter,966,372,s,3038.507544617953,0,0,0,1012.8358482059843,0,0,0,3038.507544617953,1012.8358482059843,0
wedge,perimeter,966,761,s,5064.179241029922,4621.90758731331,0,0,0,19643.107246081567,2310.953793656655,0,9686.086828343232,21954.061039738222,1540.63586243777
wedge,perimeter,967,316,s,4051.3433928239374,0,0,0,0,0,0,0,4051.3433928239374,0,0
wedge,perimeter,967,318,s,1012.8358482059843,0,0,0,0,0,0,0,1012.8358482059843,0,0
wedge,perimeter,967,372,s,2025.6716964119687,0,0,0,5064.179241029922,0,0,0,2025.6716964119687,5064.179241029922,0
wedge,perimeter,967,531,r,1012.8358482059843,0,0,0,0,0,0,0,1012.8358482059843,0,0
wedge,perimeter,967,541,s,2025.6716964119687,0,0,0,0,0,0,0,2025.6716964119687,0,0
wedge,perimeter,967,761,s,2025.6716964119687,385.1589656094425,0,0,0,4621.90758731331,1925.7948280472124,0,2410.830662021411,6547.702415360522,1540.63586243777
wedge,perimeter,968,541,s,0,0,0,0,3038.507544617953,0,0,0,0,3038.507544617953,0
wedge,perimeter,968,951,t,0,0,0,0,4051.3433928239374,1540.63586243777,385.1589656094425,0,0,5977.138220871149,1540.63586243777
wedge,perimeter,969,531,r,3038.507544617953,0,0,0,0,0,0,0,3038.507544617953,0,0
wedge,perimeter,969,761,s,0,0,0,0,0,5007.066552922752,1540.63586243777,0,0,6547.702415360522,1540.63586243777
wedge,perimeter,970,531,s,0,0,0,0,1012.8358482059843,0,0,0,0,1012.8358482059843,0
wedge,perimeter,970,761,s,1012.8358482059843,0,0,0,2025.6716964119687,3851.5896560944248,0,0,1012.8358482059843,5877.261352506393,1540.63586243777
wedge,perimeter,971,001,u,0,0,0,0,0,0,0,0,0,0,0
wedge,perimeter,972,372,s,11141.194330265827,0,0,0,2025.6716964119687,385.1589656094425,0,0,11141.194330265827,2410.830662021411,0
wedge,perimeter,972,761,s,0,0,0,0,0,5777.384484141638,385.1589656094425,0,0,6162.54344975108,1540.63586243777
wedge,perimeter,973,743,r,0,0,0,0,3038.507544617953,2696.1127592660973,0,0,0,5734.62030388405,1540.63586243777
wedge,perimeter,974,372,s,5064.179241029922,0,0,0,0,0,0,0,5064.179241029922,0,0
wedge,perimeter,974,531,r,2025.6716964119687,0,0,0,0,0,0,0,2025.6716964119687,0,0
wedge,perimeter,974,743,r,0,0,0,0,3038.507544617953,770.317931218885,0,0,0,3808.825475836838,1540.63586243777
wedge,perimeter,974,761,s,0,0,0,0,0,0,0,0,0,0,0
wedge,perimeter,974,920,s,0,0,0,0,1012.8358482059843,385.1589656094425,0,0,0,1397.9948138154268,0
wedge,perimeter,975,372,s,0,0,0,0,13166.866026677797,0,0,0,0,13166.866026677797,0
wedge,perimeter,975,531,r,0,0,0,0,4051.3433928239374,0,0,0,0,4051.3433928239374,0
wedge,perimeter,975,743,r,0,0,0,0,3038.507544617953,2310.953793656655,0,0,0,5349.461338274608,1540.63586243777
wedge,perimeter,975,761,s,0,0,0,0,17218.209419501734,0,0,0,0,17218.209419501734,0
