describ,harvest,season,TRMT,spp,tpa,tpha,wall_denom,points_occupied,age,PCT_pts_present
exp_GT_4.5ft,campridge,2020,inside,bta,163.89743217423063,404.82665747034963,94,20,1,21.27659574468085
exp_GT_4.5ft,campridge,2020,inside,sb,118.82563832631695,293.49932666600284,94,11,1,11.702127659574469
exp_GT_4.5ft,campridge,2020,inside,qa,77.85128028275963,192.2926622984163,94,6,1,6.382978723404255
exp_GT_4.5ft,campridge,2020,inside,ab,65.55897286969216,161.93066298813963,94,6,1,6.382978723404255
exp_GT_4.5ft,campridge,2020,inside,ba,32.77948643484617,80.96533149407004,94,2,1,2.127659574468085
exp_GT_4.5ft,campridge,2020,inside,rm,32.77948643484617,80.96533149407004,94,2,1,2.127659574468085
exp_GT_4.5ft,campridge,2020,inside,cc,24.584614826134572,60.7239986205524,94,1,1,1.0638297872340425
exp_GT_4.5ft,campridge,2020,inside,pc,24.58461482613454,60.72399862055232,94,3,1,3.1914893617021276
exp_GT_4.5ft,campridge,2020,inside,wh,16.389743217423,40.482665747034815,94,1,1,1.0638297872340425
exp_GT_4.5ft,campridge,2020,inside,yb,8.194871608711543,20.24133287351751,94,1,1,1.0638297872340425
exp_GT_4.5ft,campridge,2020,inside,eh,4.097435804355766,10.120666436758743,94,1,1,1.0638297872340425
exp_GT_4.5ft,campridge,2020,inside,ro,4.097435804355766,10.120666436758743,94,1,1,1.0638297872340425
exp_GT_4.5ft,campridge,2021,inside,bta,790.8051102406625,1953.2886222944367,94,37,2,39.361702127659576
exp_GT_4.5ft,campridge,2021,inside,pc,487.59486071833607,1204.3593059742902,94,23,2,24.46808510638298
exp_GT_4.5ft,campridge,2021,inside,sb,467.10768169655717,1153.7559737904962,94,25,2,26.595744680851062
exp_GT_4.5ft,campridge,2021,inside,ab,200.77435441343246,495.9126554011782,94,14,2,14.893617021276595
exp_GT_4.5ft,campridge,2021,inside,qa,192.5794828047211,475.6713225276612,94,14,2,14.893617021276595
exp_GT_4.5ft,campridge,2021,inside,rm,122.92307413067309,303.6199931027625,94,6,2,6.382978723404255
exp_GT_4.5ft,campridge,2021,inside,ba,36.87692223920176,91.08599793082837,94,3,2,3.1914893617021276
exp_GT_4.5ft,campridge,2021,inside,eh,32.779486434846106,80.96533149406989,94,3,2,3.1914893617021276
exp_GT_4.5ft,campridge,2021,inside,wi,24.584614826134604,60.72399862055248,94,4,2,4.25531914893617
exp_GT_4.5ft,campridge,2021,inside,wh,24.58461482613454,60.72399862055232,94,1,2,1.0638297872340425
exp_GT_4.5ft,campridge,2021,inside,sa,20.487179021778775,50.60333218379358,94,2,2,2.127659574468085
exp_GT_4.5ft,campridge,2021,inside,wa,12.29230741306731,30.361999310276254,94,2,2,2.127659574468085
exp_GT_4.5ft,campridge,2021,inside,bc,4.097435804355766,10.120666436758743,94,1,2,1.0638297872340425
exp_GT_4.5ft,campridge,2021,inside,ro,4.097435804355766,10.120666436758743,94,1,2,1.0638297872340425
exp_GT_4.5ft,campridge,2021,inside,unk,4.097435804355766,10.120666436758743,94,1,2,1.0638297872340425
exp_GT_4.5ft,campridge,2022,inside,bta,966.9948498279605,2388.4772790750626,94,42,3,44.680851063829785
exp_GT_4.5ft,campridge,2022,inside,sb,688.3692151317687,1700.2719613754687,94,38,3,40.42553191489361
exp_GT_4.5ft,campridge,2022,inside,ab,667.8820361099891,1649.668629191673,94,26,3,27.659574468085108
exp_GT_4.5ft,campridge,2022,inside,pc,622.8102422620764,1538.3412983873288,94,31,3,32.97872340425532
exp_GT_4.5ft,campridge,2022,inside,qa,340.0871717615285,840.0153142509755,94,14,3,14.893617021276595
exp_GT_4.5ft,campridge,2022,inside,rm,188.48204700036513,465.5506560909019,94,11,3,11.702127659574469
exp_GT_4.5ft,campridge,2022,inside,eh,110.63076671760561,273.2579937924859,94,7,3,7.446808510638298
exp_GT_4.5ft,campridge,2022,inside,sa,45.071793847913405,111.3273308043461,94,3,3,3.1914893617021276
exp_GT_4.5ft,campridge,2022,inside,wi,40.974358043557615,101.20666436758732,94,5,3,5.319148936170213
exp_GT_4.5ft,campridge,2022,inside,ba,36.876922239201846,91.08599793082857,94,3,3,3.1914893617021276
exp_GT_4.5ft,campridge,2022,inside,svb,28.682050630490384,70.84466505731125,94,5,3,5.319148936170213
exp_GT_4.5ft,campridge,2022,inside,ro,24.584614826134604,60.72399862055248,94,5,3,5.319148936170213
exp_GT_4.5ft,campridge,2022,inside,wa,20.487179021778765,50.603332183793555,94,3,3,3.1914893617021276
exp_GT_4.5ft,campridge,2022,inside,wh,16.389743217423085,40.48266574703502,94,1,3,1.0638297872340425
exp_GT_4.5ft,campridge,2022,inside,ah,12.29230741306731,30.361999310276254,94,2,3,2.127659574468085
exp_GT_4.5ft,campridge,2022,inside,stm,4.097435804355766,10.120666436758743,94,1,3,1.0638297872340425
exp_GT_4.5ft,campridge,2022,inside,wp,4.097435804355766,10.120666436758743,94,1,3,1.0638297872340425
exp_GT_4.5ft,circle,2020,inside,bta,657.9798995827939,1625.210351969501,24,5,1,20.833333333333336
exp_GT_4.5ft,circle,2020,inside,pc,256.77264373962765,634.2284300368805,24,5,1,20.833333333333336
exp_GT_4.5ft,circle,2020,inside,eh,176.53119257099442,436.0320456503563,24,3,1,12.5
exp_GT_4.5ft,circle,2020,inside,ba,64.19316093490708,158.55710750922051,24,1,1,4.166666666666666
exp_GT_4.5ft,circle,2021,inside,pc,1428.2978308016798,3527.895642080149,24,11,2,45.83333333333333
exp_GT_4.5ft,circle,2021,inside,bta,1139.4286065945994,2814.3886582886607,24,7,2,29.166666666666668
exp_GT_4.5ft,circle,2021,inside,eh,256.77264373962765,634.2284300368804,24,5,2,20.833333333333336
exp_GT_4.5ft,circle,2021,inside,ah,96.28974140236059,237.83566126383067,24,2,2,8.333333333333332
exp_GT_4.5ft,circle,2021,inside,sb,80.24145116863383,198.1963843865256,24,3,2,12.5
exp_GT_4.5ft,circle,2021,inside,sm,64.19316093490708,158.55710750922051,24,1,2,4.166666666666666
exp_GT_4.5ft,circle,2021,inside,ba,64.19316093490674,158.5571075092197,24,1,2,4.166666666666666
exp_GT_4.5ft,circle,2021,inside,svb,32.0965804674535,79.27855375461016,24,2,2,8.333333333333332
exp_GT_4.5ft,circle,2022,inside,pc,1829.5050866448503,4518.877564012781,24,15,3,62.5
exp_GT_4.5ft,circle,2022,inside,bta,994.9939944910576,2457.6351663929127,24,7,3,29.166666666666668
exp_GT_4.5ft,circle,2022,inside,sb,561.6901581804368,1387.374690705679,24,11,3,45.83333333333333
exp_GT_4.5ft,circle,2022,inside,ah,385.15896560944213,951.342645055322,24,4,3,16.666666666666664
exp_GT_4.5ft,circle,2022,inside,eh,353.0623851419883,872.0640913007112,24,4,3,16.666666666666664
exp_GT_4.5ft,circle,2022,inside,svb,96.28974140236059,237.83566126383067,24,3,3,12.5
exp_GT_4.5ft,circle,2022,inside,ba,80.24145116863349,198.19638438652476,24,2,3,8.333333333333332
exp_GT_4.5ft,circle,2022,inside,wa,64.19316093490708,158.55710750922051,24,2,3,8.333333333333332
exp_GT_4.5ft,circle,2022,inside,ro,64.193160934907,158.55710750922032,24,4,3,16.666666666666664
exp_GT_4.5ft,circle,2022,inside,sm,32.09658046745354,79.27855375461026,24,1,3,4.166666666666666
exp_GT_4.5ft,circle,2022,inside,ab,32.0965804674535,79.27855375461016,24,2,3,8.333333333333332
exp_GT_4.5ft,circle,2022,inside,rm,16.04829023372675,39.63927687730508,24,1,3,4.166666666666666
exp_GT_4.5ft,decker,2020,inside,ab,197.784333691335,488.52730421759753,37,9,1,24.324324324324326
exp_GT_4.5ft,decker,2020,inside,eh,31.229105319684486,77.1358901396207,37,3,1,8.108108108108109
exp_GT_4.5ft,decker,2020,inside,rm,20.81940354645635,51.42392675974719,37,1,1,2.7027027027027026
exp_GT_4.5ft,decker,2020,inside,ah,10.409701773228162,25.711963379873566,37,1,1,2.7027027027027026
exp_GT_4.5ft,decker,2020,inside,ba,10.409701773228162,25.711963379873566,37,1,1,2.7027027027027026
exp_GT_4.5ft,decker,2020,inside,bta,10.409701773228162,25.711963379873566,37,1,1,2.7027027027027026
exp_GT_4.5ft,decker,2020,inside,pc,10.409701773228162,25.711963379873566,37,1,1,2.7027027027027026
exp_GT_4.5ft,decker,2020,inside,sb,10.409701773228162,25.711963379873566,37,1,1,2.7027027027027026
exp_GT_4.5ft,decker,2020,inside,stm,10.409701773228162,25.711963379873566,37,1,1,2.7027027027027026
exp_GT_4.5ft,decker,2021,inside,ab,281.0619478771603,694.2230112565861,37,11,2,29.72972972972973
exp_GT_4.5ft,decker,2021,inside,bta,166.55522837165077,411.39141407797746,37,4,2,10.81081081081081
exp_GT_4.5ft,decker,2021,inside,sb,104.09701773228166,257.1196337987357,37,4,2,10.81081081081081
exp_GT_4.5ft,decker,2021,inside,rm,83.2776141858254,205.69570703898876,37,2,2,5.405405405405405
exp_GT_4.5ft,decker,2021,inside,eh,83.27761418582513,205.69570703898813,37,5,2,13.513513513513514
exp_GT_4.5ft,decker,2021,inside,sm,52.048508866140864,128.55981689936795,37,2,2,5.405405405405405
exp_GT_4.5ft,decker,2021,inside,stm,31.229105319684514,77.13589013962076,37,2,2,5.405405405405405
exp_GT_4.5ft,decker,2021,inside,ah,31.229105319684486,77.1358901396207,37,3,2,8.108108108108109
exp_GT_4.5ft,decker,2021,inside,wa,20.81940354645635,51.42392675974719,37,1,2,2.7027027027027026
exp_GT_4.5ft,decker,2021,inside,ba,20.819403546456325,51.42392675974713,37,1,2,2.7027027027027026
exp_GT_4.5ft,decker,2021,inside,svb,20.819403546456325,51.42392675974713,37,2,2,5.405405405405405
exp_GT_4.5ft,decker,2021,inside,pc,10.409701773228162,25.711963379873566,37,1,2,2.7027027027027026
exp_GT_4.5ft,decker,2022,outside,ab,51.354528747925606,126.84568600737626,15,2,3,13.333333333333334
exp_GT_4.5ft,decker,2022,outside,eh,25.677264373962803,63.42284300368813,15,1,3,6.666666666666667
exp_GT_4.5ft,decker,2022,inside,ab,364.33956206298575,899.9187182955749,37,11,3,29.72972972972973
exp_GT_4.5ft,decker,2022,inside,sb,208.19403546456317,514.2392675974711,37,8,3,21.62162162162162
exp_GT_4.5ft,decker,2022,inside,bta,166.55522837165066,411.3914140779772,37,4,3,10.81081081081081
exp_GT_4.5ft,decker,2022,inside,stm,145.73582482519424,359.9674873182298,37,3,3,8.108108108108109
exp_GT_4.5ft,decker,2022,inside,rm,104.09701773228153,257.11963379873544,37,3,3,8.108108108108109
exp_GT_4.5ft,decker,2022,inside,eh,104.09701773228151,257.1196337987354,37,6,3,16.216216216216218
exp_GT_4.5ft,decker,2022,inside,ah,83.27761418582537,205.6957070389887,37,4,3,10.81081081081081
exp_GT_4.5ft,decker,2022,inside,sm,72.86791241259702,179.98374365911468,37,2,3,5.405405405405405
exp_GT_4.5ft,decker,2022,inside,pc,31.229105319684514,77.13589013962076,37,2,3,5.405405405405405
exp_GT_4.5ft,decker,2022,inside,cc,20.81940354645635,51.42392675974719,37,1,3,2.7027027027027026
exp_GT_4.5ft,decker,2022,inside,svb,20.81940354645635,51.42392675974719,37,1,3,2.7027027027027026
exp_GT_4.5ft,decker,2022,inside,ba,20.819403546456325,51.42392675974713,37,1,3,2.7027027027027026
exp_GT_4.5ft,decker,2022,inside,bc,10.409701773228162,25.711963379873566,37,1,3,2.7027027027027026
exp_GT_4.5ft,decker,2022,inside,wa,10.409701773228162,25.711963379873566,37,1,3,2.7027027027027026
exp_GT_4.5ft,gas_line,2019,outside,qa,181.25127793385496,447.6906564966217,17,3,3,17.647058823529413
exp_GT_4.5ft,gas_line,2019,outside,stm,135.93845845039147,335.76799237246695,17,1,3,5.88235294117647
exp_GT_4.5ft,gas_line,2019,outside,bta,113.28204870865952,279.806660310389,17,2,3,11.76470588235294
exp_GT_4.5ft,gas_line,2019,outside,rm,113.28204870865952,279.806660310389,17,2,3,11.76470588235294
exp_GT_4.5ft,gas_line,2019,outside,sb,90.62563896692717,223.84532824831015,17,2,3,11.76470588235294
exp_GT_4.5ft,gas_line,2019,outside,bc,45.31281948346382,111.92266412415565,17,1,3,5.88235294117647
exp_GT_4.5ft,gas_line,2019,outside,ab,22.656409741731885,55.96133206207776,17,1,3,5.88235294117647
exp_GT_4.5ft,gas_line,2019,outside,wa,22.656409741731885,55.96133206207776,17,1,3,5.88235294117647
exp_GT_4.5ft,gas_line,2019,inside,bta,1170.4830902936283,2891.093233025262,77,40,3,51.94805194805194
exp_GT_4.5ft,gas_line,2019,inside,pc,945.3901883140848,2335.1137651357894,77,37,3,48.05194805194805
exp_GT_4.5ft,gas_line,2019,inside,sb,530.2188357740362,1309.6405243618694,77,16,3,20.77922077922078
exp_GT_4.5ft,gas_line,2019,inside,wa,370.1527721441387,914.2773471960227,77,17,3,22.07792207792208
exp_GT_4.5ft,gas_line,2019,inside,sm,215.08877300267548,531.2692693166085,77,16,3,20.77922077922078
exp_GT_4.5ft,gas_line,2019,inside,rm,155.06399914146348,383.0080778794148,77,8,3,10.38961038961039
exp_GT_4.5ft,gas_line,2019,inside,bc,95.03922528025198,234.74688644222243,77,10,3,12.987012987012985
exp_GT_4.5ft,gas_line,2019,inside,pb,90.0371607918177,222.39178715578973,77,10,3,12.987012987012985
exp_GT_4.5ft,gas_line,2019,inside,qa,75.03096732651476,185.32648929649147,77,3,3,3.896103896103896
exp_GT_4.5ft,gas_line,2019,inside,unk,60.02477386121174,148.26119143719302,77,4,3,5.194805194805195
exp_GT_4.5ft,gas_line,2019,inside,stm,50.02064488434297,123.55099286432716,77,4,3,5.194805194805195
exp_GT_4.5ft,gas_line,2019,inside,eh,40.01651590747454,98.84079429146213,77,1,3,1.2987012987012987
exp_GT_4.5ft,gas_line,2019,inside,ba,40.01651590747453,98.8407942914621,77,4,3,5.194805194805195
exp_GT_4.5ft,gas_line,2019,inside,svb,40.01651590747452,98.84079429146207,77,5,3,6.493506493506493
exp_GT_4.5ft,gas_line,2019,inside,ab,40.01651590747443,98.84079429146185,77,5,3,6.493506493506493
exp_GT_4.5ft,gas_line,2019,inside,ro,15.006193465302937,37.065297859298255,77,3,3,3.896103896103896
exp_GT_4.5ft,gas_line,2019,inside,yp,10.004128976868635,24.710198572865533,77,1,3,1.2987012987012987
exp_GT_4.5ft,gas_line,2019,inside,gb,5.002064488434312,12.355099286432752,77,1,3,1.2987012987012987
exp_GT_4.5ft,gas_line,2020,outside,sb,339.84614612597807,839.4199809311659,17,7,4,41.17647058823529
exp_GT_4.5ft,gas_line,2020,outside,rm,271.8769169007825,671.5359847449328,17,4,4,23.52941176470588
exp_GT_4.5ft,gas_line,2020,outside,eh,203.90768767558683,503.6519885586995,17,3,4,17.647058823529413
exp_GT_4.5ft,gas_line,2020,outside,bta,158.5948681921232,391.7293244345443,17,3,4,17.647058823529413
exp_GT_4.5ft,gas_line,2020,outside,ab,135.9384584503914,335.7679923724668,17,4,4,23.52941176470588
exp_GT_4.5ft,gas_line,2020,outside,qa,135.9384584503913,335.76799237246655,17,2,4,11.76470588235294
exp_GT_4.5ft,gas_line,2020,outside,stm,113.28204870865942,279.8066603103888,17,1,4,5.88235294117647
exp_GT_4.5ft,gas_line,2020,outside,bc,67.96922922519529,167.8839961862324,17,1,4,5.88235294117647
exp_GT_4.5ft,gas_line,2020,outside,wa,45.31281948346382,111.92266412415565,17,1,4,5.88235294117647
exp_GT_4.5ft,gas_line,2020,outside,svb,22.656409741731885,55.96133206207776,17,1,4,5.88235294117647
exp_GT_4.5ft,gas_line,2020,inside,pc,960.3963817793874,2372.179062995087,77,34,4,44.15584415584416
exp_GT_4.5ft,gas_line,2020,inside,qa,930.3839948487818,2298.048467276491,77,32,4,41.55844155844156
exp_GT_4.5ft,gas_line,2020,inside,sb,930.3839948487816,2298.048467276491,77,27,4,35.064935064935064
exp_GT_4.5ft,gas_line,2020,inside,bta,875.3612854760047,2162.1423751257316,77,26,4,33.76623376623377
exp_GT_4.5ft,gas_line,2020,inside,wa,485.2002553781279,1198.444630783976,77,25,4,32.467532467532465
exp_GT_4.5ft,gas_line,2020,inside,sm,300.1238693060588,741.3059571859653,77,20,4,25.97402597402597
exp_GT_4.5ft,gas_line,2020,inside,ab,260.1073533985841,642.4651628945029,77,14,4,18.181818181818183
exp_GT_4.5ft,gas_line,2020,inside,rm,235.09703095641274,580.6896664623396,77,8,4,10.38961038961039
exp_GT_4.5ft,gas_line,2020,inside,svb,120.04954772242321,296.52238287438536,77,10,4,12.987012987012985
exp_GT_4.5ft,gas_line,2020,inside,stm,80.03303181494881,197.68158858292358,77,4,4,5.194805194805195
exp_GT_4.5ft,gas_line,2020,inside,bc,65.02683834964591,160.6162907236254,77,7,4,9.090909090909092
exp_GT_4.5ft,gas_line,2020,inside,ba,55.022709372777385,135.90609215076017,77,4,4,5.194805194805195
exp_GT_4.5ft,gas_line,2020,inside,eh,55.02270937277738,135.90609215076012,77,6,4,7.792207792207792
exp_GT_4.5ft,gas_line,2020,inside,pb,30.012386930605874,74.13059571859651,77,6,4,7.792207792207792
exp_GT_4.5ft,gas_line,2020,inside,yp,25.01032244217156,61.77549643216376,77,1,4,1.2987012987012987
exp_GT_4.5ft,gas_line,2020,inside,cc,20.00825795373726,49.42039714573104,77,2,4,2.5974025974025974
exp_GT_4.5ft,gas_line,2020,inside,sp,15.006193465302948,37.06529785929828,77,2,4,2.5974025974025974
exp_GT_4.5ft,gas_line,2020,inside,ro,15.006193465302937,37.065297859298255,77,2,4,2.5974025974025974
exp_GT_4.5ft,gas_line,2020,inside,yb,10.004128976868635,24.710198572865533,77,1,4,1.2987012987012987
exp_GT_4.5ft,gas_line,2020,inside,au,5.002064488434312,12.355099286432752,77,1,4,1.2987012987012987
exp_GT_4.5ft,gas_line,2020,inside,he,5.002064488434312,12.355099286432752,77,1,4,1.2987012987012987
exp_GT_4.5ft,gas_line,2021,outside,sb,996.8820286362029,2462.2986107314214,17,10,5,58.82352941176471
exp_GT_4.5ft,gas_line,2021,outside,ab,634.3794727684922,1566.9172977381759,17,10,5,58.82352941176471
exp_GT_4.5ft,gas_line,2021,outside,ah,407.8153753511735,1007.3039771173986,17,3,5,17.647058823529413
exp_GT_4.5ft,gas_line,2021,outside,rm,385.158965609442,951.3426450553219,17,5,5,29.411764705882355
exp_GT_4.5ft,gas_line,2021,outside,bta,158.5948681921232,391.7293244345443,17,3,5,17.647058823529413
exp_GT_4.5ft,gas_line,2021,outside,qa,135.9384584503913,335.76799237246655,17,2,5,11.76470588235294
exp_GT_4.5ft,gas_line,2021,outside,stm,135.9384584503913,335.76799237246655,17,1,5,5.88235294117647
exp_GT_4.5ft,gas_line,2021,outside,wa,67.9692292251957,167.8839961862334,17,2,5,11.76470588235294
exp_GT_4.5ft,gas_line,2021,outside,bc,67.96922922519529,167.8839961862324,17,1,5,5.88235294117647
exp_GT_4.5ft,gas_line,2021,outside,ro,45.31281948346382,111.92266412415565,17,1,5,5.88235294117647
exp_GT_4.5ft,gas_line,2021,outside,svb,45.31281948346377,111.92266412415552,17,2,5,11.76470588235294
exp_GT_4.5ft,gas_line,2021,inside,pc,1065.439736036508,2631.636148010175,77,36,5,46.75324675324675
exp_GT_4.5ft,gas_line,2021,inside,bta,955.3943172909533,2359.823963708655,77,36,5,46.75324675324675
exp_GT_4.5ft,gas_line,2021,inside,sb,895.3695434297421,2211.562772271463,77,29,5,37.66233766233766
exp_GT_4.5ft,gas_line,2021,inside,qa,665.274576961763,1643.228205095555,77,30,5,38.961038961038966
exp_GT_4.5ft,gas_line,2021,inside,wa,645.2663190080261,1593.8078079498248,77,30,5,38.961038961038966
exp_GT_4.5ft,gas_line,2021,inside,ab,610.2518675889859,1507.3221129447952,77,17,5,22.07792207792208
exp_GT_4.5ft,gas_line,2021,inside,sm,350.14451419040194,864.8569500502929,77,21,5,27.27272727272727
exp_GT_4.5ft,gas_line,2021,inside,rm,240.0990954448469,593.044765748772,77,12,5,15.584415584415584
exp_GT_4.5ft,gas_line,2021,inside,svb,145.05987016459505,358.2978793065498,77,10,5,12.987012987012985
exp_GT_4.5ft,gas_line,2021,inside,eh,100.04128976868623,247.101985728655,77,10,5,12.987012987012985
exp_GT_4.5ft,gas_line,2021,inside,bc,95.039225280252,234.74688644222246,77,10,5,12.987012987012985
exp_GT_4.5ft,gas_line,2021,inside,ba,70.0289028380804,172.97139001005863,77,6,5,7.792207792207792
exp_GT_4.5ft,gas_line,2021,inside,stm,70.02890283808037,172.9713900100585,77,5,5,6.493506493506493
exp_GT_4.5ft,gas_line,2021,inside,yp,55.02270937277748,135.9060921507604,77,3,5,3.896103896103896
exp_GT_4.5ft,gas_line,2021,inside,pb,50.020644884343135,123.55099286432755,77,9,5,11.688311688311687
exp_GT_4.5ft,gas_line,2021,inside,cc,50.02064488434311,123.5509928643275,77,3,5,3.896103896103896
exp_GT_4.5ft,gas_line,2021,inside,ro,35.01445141904011,86.48569500502907,77,5,5,6.493506493506493
exp_GT_4.5ft,gas_line,2021,inside,ns,20.00825795373726,49.42039714573104,77,3,5,3.896103896103896
exp_GT_4.5ft,gas_line,2021,inside,bl,5.002064488434312,12.355099286432752,77,1,5,1.2987012987012987
exp_GT_4.5ft,gas_line,2021,inside,rp,5.002064488434312,12.355099286432752,77,1,5,1.2987012987012987
exp_GT_4.5ft,gas_line,2021,inside,wi,5.002064488434312,12.355099286432752,77,1,5,1.2987012987012987
exp_GT_4.5ft,gas_line,2022,outside,sb,2628.1435300408975,6491.514519201018,17,16,6,94.11764705882352
exp_GT_4.5ft,gas_line,2022,outside,ab,1427.3538137291082,3525.5639199108973,17,11,6,64.70588235294117
exp_GT_4.5ft,gas_line,2022,outside,ah,702.3487019936883,1734.8012939244102,17,6,6,35.294117647058826
exp_GT_4.5ft,gas_line,2022,outside,rm,430.4717850929049,1063.2653091794753,17,6,6,35.294117647058826
exp_GT_4.5ft,gas_line,2022,outside,stm,249.22050715905053,615.5746526828549,17,1,6,5.88235294117647
exp_GT_4.5ft,gas_line,2022,outside,bta,226.56409741731818,559.613320620776,17,4,6,23.52941176470588
exp_GT_4.5ft,gas_line,2022,outside,bc,158.59486819212307,391.72932443454397,17,2,6,11.76470588235294
exp_GT_4.5ft,gas_line,2022,outside,qa,135.9384584503913,335.76799237246655,17,2,6,11.76470588235294
exp_GT_4.5ft,gas_line,2022,outside,wa,113.28204870865906,279.8066603103879,17,2,6,11.76470588235294
exp_GT_4.5ft,gas_line,2022,outside,pb,67.9692292251957,167.8839961862334,17,2,6,11.76470588235294
exp_GT_4.5ft,gas_line,2022,outside,svb,67.96922922519565,167.88399618623328,17,3,6,17.647058823529413
exp_GT_4.5ft,gas_line,2022,outside,eh,45.31281948346377,111.92266412415552,17,2,6,11.76470588235294
exp_GT_4.5ft,gas_line,2022,outside,ro,45.31281948346377,111.92266412415552,17,2,6,11.76470588235294
exp_GT_4.5ft,gas_line,2022,inside,sb,1100.4541874555482,2718.1218430152044,77,35,6,45.45454545454545
exp_GT_4.5ft,gas_line,2022,inside,pc,1050.433542571205,2594.5708501508766,77,37,6,48.05194805194805
exp_GT_4.5ft,gas_line,2022,inside,ab,985.4067042215587,2433.95455942725,77,23,6,29.87012987012987
exp_GT_4.5ft,gas_line,2022,inside,bta,970.4005107562563,2396.8892615679533,77,35,6,45.45454545454545
exp_GT_4.5ft,gas_line,2022,inside,wa,790.3261891726207,1952.1056872563734,77,34,6,44.15584415584416
exp_GT_4.5ft,gas_line,2022,inside,qa,765.3158667304491,1890.3301908242095,77,29,6,37.66233766233766
exp_GT_4.5ft,gas_line,2022,inside,sm,385.1589656094417,951.3426450553211,77,23,6,29.87012987012987
exp_GT_4.5ft,gas_line,2022,inside,rm,355.1465786788363,877.2120493367258,77,16,6,20.77922077922078
exp_GT_4.5ft,gas_line,2022,inside,svb,155.06399914146363,383.0080778794152,77,11,6,14.285714285714285
exp_GT_4.5ft,gas_line,2022,inside,eh,150.06193465302937,370.6529785929826,77,13,6,16.883116883116884
exp_GT_4.5ft,gas_line,2022,inside,stm,120.04954772242351,296.5223828743861,77,7,6,9.090909090909092
exp_GT_4.5ft,gas_line,2022,inside,bc,95.039225280252,234.74688644222246,77,10,6,12.987012987012985
exp_GT_4.5ft,gas_line,2022,inside,ba,90.0371607918176,222.39178715578947,77,7,6,9.090909090909092
exp_GT_4.5ft,gas_line,2022,inside,yp,75.03096732651463,185.32648929649116,77,4,6,5.194805194805195
exp_GT_4.5ft,gas_line,2022,inside,ro,75.03096732651453,185.32648929649088,77,11,6,14.285714285714285
exp_GT_4.5ft,gas_line,2022,inside,pb,55.022709372777456,135.90609215076034,77,9,6,11.688311688311687
exp_GT_4.5ft,gas_line,2022,inside,cc,55.022709372777385,135.90609215076017,77,2,6,2.5974025974025974
exp_GT_4.5ft,gas_line,2022,inside,sp,30.012386930605793,74.13059571859631,77,3,6,3.896103896103896
exp_GT_4.5ft,gas_line,2022,inside,wi,5.002064488434312,12.355099286432752,77,1,6,1.2987012987012987
exp_GT_4.5ft,recknagel,2020,outside,ab,12.036217675295063,29.72945765797881,32,1,1,3.125
exp_GT_4.5ft,recknagel,2020,outside,eh,12.036217675295063,29.72945765797881,32,1,1,3.125
exp_GT_4.5ft,recknagel,2020,inside,rm,40.54304901152026,100.14133105845505,38,1,1,2.631578947368421
exp_GT_4.5ft,recknagel,2020,inside,bta,20.27152450576013,50.070665529227526,38,1,1,2.631578947368421
exp_GT_4.5ft,recknagel,2021,outside,ab,24.072435350590126,59.45891531595762,32,2,2,6.25
exp_GT_4.5ft,recknagel,2021,outside,stm,12.036217675295063,29.72945765797881,32,1,2,3.125
exp_GT_4.5ft,recknagel,2021,inside,eh,222.9867695633608,550.7773208215012,38,8,2,21.052631578947366
exp_GT_4.5ft,recknagel,2021,inside,rm,182.44372055184084,450.6359897630469,38,4,2,10.526315789473683
exp_GT_4.5ft,recknagel,2021,inside,sb,162.1721960460809,400.56532423381987,38,5,2,13.157894736842104
exp_GT_4.5ft,recknagel,2021,inside,bta,152.0364337932005,375.52999146920536,38,3,2,7.894736842105263
exp_GT_4.5ft,recknagel,2021,inside,pc,111.49338478168065,275.38866041075124,38,8,2,21.052631578947366
exp_GT_4.5ft,recknagel,2021,inside,sm,111.49338478168052,275.3886604107509,38,3,2,7.894736842105263
exp_GT_4.5ft,recknagel,2021,inside,stm,60.814573517280365,150.2119965876825,38,3,2,7.894736842105263
exp_GT_4.5ft,recknagel,2021,inside,ro,40.54304901152026,100.14133105845505,38,1,2,2.631578947368421
exp_GT_4.5ft,recknagel,2021,inside,bc,40.543049011520054,100.14133105845454,38,2,2,5.263157894736842
exp_GT_4.5ft,recknagel,2021,inside,ah,10.135762252880053,25.035332764613734,38,1,2,2.631578947368421
exp_GT_4.5ft,recknagel,2022,outside,stm,48.14487070118031,118.91783063191538,32,1,3,3.125
exp_GT_4.5ft,recknagel,2022,outside,ab,24.072435350590126,59.45891531595762,32,2,3,6.25
exp_GT_4.5ft,recknagel,2022,inside,sb,1125.0696100696855,2778.9219368721238,38,18,3,47.368421052631575
exp_GT_4.5ft,recknagel,2022,inside,eh,466.24506363248213,1151.625307172231,38,12,3,31.57894736842105
exp_GT_4.5ft,recknagel,2022,inside,sm,222.98676956336124,550.7773208215023,38,7,3,18.421052631578945
exp_GT_4.5ft,recknagel,2022,inside,rm,222.9867695633612,550.7773208215023,38,7,3,18.421052631578945
exp_GT_4.5ft,recknagel,2022,inside,pc,212.8510073104812,525.7419880568887,38,12,3,31.57894736842105
exp_GT_4.5ft,recknagel,2022,inside,bta,152.03643379320056,375.5299914692054,38,3,3,7.894736842105263
exp_GT_4.5ft,recknagel,2022,inside,stm,101.35762252880062,250.3533276461376,38,4,3,10.526315789473683
exp_GT_4.5ft,recknagel,2022,inside,wa,101.35762252880045,250.3533276461371,38,4,3,10.526315789473683
exp_GT_4.5ft,recknagel,2022,inside,bc,81.08609802304011,200.28266211690908,38,4,3,10.526315789473683
exp_GT_4.5ft,recknagel,2022,inside,ah,70.95033577016045,175.2473293522963,38,4,3,10.526315789473683
exp_GT_4.5ft,recknagel,2022,inside,ro,50.67881126440031,125.1766638230688,38,2,3,5.263157894736842
exp_GT_4.5ft,recknagel,2022,inside,ab,10.135762252880053,25.035332764613734,38,1,3,2.631578947368421
exp_GT_4.5ft,recknagel,2022,inside,ba,10.135762252880053,25.035332764613734,38,1,3,2.631578947368421
exp_GT_4.5ft,recknagel,2022,inside,svb,10.135762252880053,25.035332764613734,38,1,3,2.631578947368421
exp_GT_4.5ft,red_pine,2019,outside,bta,252.3455291923926,623.2934571052098,29,5,3,17.24137931034483
exp_GT_4.5ft,red_pine,2019,outside,ab,26.562687283409794,65.6098375900222,29,2,3,6.896551724137931
exp_GT_4.5ft,red_pine,2019,outside,co,13.281343641704897,32.8049187950111,29,1,3,3.4482758620689653
exp_GT_4.5ft,red_pine,2019,outside,sb,13.281343641704897,32.8049187950111,29,1,3,3.4482758620689653
exp_GT_4.5ft,red_pine,2019,outside,stm,13.281343641704897,32.8049187950111,29,1,3,3.4482758620689653
exp_GT_4.5ft,red_pine,2019,outside,svb,13.281343641704897,32.8049187950111,29,1,3,3.4482758620689653
exp_GT_4.5ft,red_pine,2019,inside,pc,1279.2779929170752,3159.816642505176,28,12,3,42.857142857142854
exp_GT_4.5ft,red_pine,2019,inside,bta,990.4087687099938,2446.3096587136847,28,13,3,46.42857142857143
exp_GT_4.5ft,red_pine,2019,inside,qa,811.5849632484675,2004.6148592237148,28,4,3,14.285714285714285
exp_GT_4.5ft,red_pine,2019,inside,svb,591.4941257573572,1460.9904906206725,28,9,3,32.142857142857146
exp_GT_4.5ft,red_pine,2019,inside,rm,398.9146429526364,985.3191680930121,28,10,3,35.714285714285715
exp_GT_4.5ft,red_pine,2019,inside,eh,192.57948280472112,475.67132252766123,28,2,3,7.142857142857142
exp_GT_4.5ft,red_pine,2019,inside,wa,123.80109608874908,305.78870733921025,28,3,3,10.714285714285714
exp_GT_4.5ft,red_pine,2019,inside,cc,82.53406405916597,203.85913822613995,28,2,3,7.142857142857142
exp_GT_4.5ft,red_pine,2019,inside,ro,68.77838671597186,169.8826151884505,28,3,3,10.714285714285714
exp_GT_4.5ft,red_pine,2019,inside,pb,68.77838671597158,169.8826151884498,28,3,3,10.714285714285714
exp_GT_4.5ft,red_pine,2019,inside,ab,13.755677343194359,33.976523037690065,28,1,3,3.571428571428571
exp_GT_4.5ft,red_pine,2019,inside,ah,13.755677343194359,33.976523037690065,28,1,3,3.571428571428571
exp_GT_4.5ft,red_pine,2019,inside,bc,13.755677343194359,33.976523037690065,28,1,3,3.571428571428571
exp_GT_4.5ft,red_pine,2019,inside,sb,13.755677343194359,33.976523037690065,28,1,3,3.571428571428571
exp_GT_4.5ft,red_pine,2020,outside,bta,345.3149346843273,852.9278886702886,29,6,4,20.689655172413794
exp_GT_4.5ft,red_pine,2020,outside,ab,146.094780058754,360.8541067451224,29,5,4,17.24137931034483
exp_GT_4.5ft,red_pine,2020,outside,sb,79.68806185022947,196.82951277006686,29,3,4,10.344827586206897
exp_GT_4.5ft,red_pine,2020,outside,ro,66.40671820852431,164.02459397505504,29,1,4,3.4482758620689653
exp_GT_4.5ft,red_pine,2020,outside,co,53.12537456681965,131.21967518004456,29,1,4,3.4482758620689653
exp_GT_4.5ft,red_pine,2020,outside,stm,39.84403092511448,98.41475638503277,29,1,4,3.4482758620689653
exp_GT_4.5ft,red_pine,2020,outside,rm,26.562687283409826,65.60983759002228,29,1,4,3.4482758620689653
exp_GT_4.5ft,red_pine,2020,outside,eh,26.562687283409794,65.6098375900222,29,2,4,6.896551724137931
exp_GT_4.5ft,red_pine,2020,outside,pb,13.281343641704897,32.8049187950111,29,1,4,3.4482758620689653
exp_GT_4.5ft,red_pine,2020,inside,pc,1444.3461210354067,3567.534918957455,28,12,4,42.857142857142854
exp_GT_4.5ft,red_pine,2020,inside,svb,701.5395445029126,1732.802674922194,28,7,4,25
exp_GT_4.5ft,red_pine,2020,inside,bta,632.7611577869407,1562.9200597337433,28,10,4,35.714285714285715
exp_GT_4.5ft,red_pine,2020,inside,rm,467.6930296686086,1155.2017832814631,28,11,4,39.285714285714285
exp_GT_4.5ft,red_pine,2020,inside,qa,371.4032882662476,917.3661220176315,28,3,4,10.714285714285714
exp_GT_4.5ft,red_pine,2020,inside,wa,357.64761092305315,883.3895989799413,28,7,4,25
exp_GT_4.5ft,red_pine,2020,inside,eh,220.09083749110994,543.6243686030416,28,4,4,14.285714285714285
exp_GT_4.5ft,red_pine,2020,inside,ro,123.80109608874903,305.78870733921013,28,6,4,21.428571428571427
exp_GT_4.5ft,red_pine,2020,inside,bc,110.04541874555473,271.8121843015202,28,2,4,7.142857142857142
exp_GT_4.5ft,red_pine,2020,inside,ab,55.0227093727775,135.90609215076043,28,1,4,3.571428571428571
exp_GT_4.5ft,red_pine,2020,inside,pb,55.02270937277747,135.90609215076034,28,3,4,10.714285714285714
exp_GT_4.5ft,red_pine,2020,inside,wh,41.26703202958286,101.92956911306966,28,1,4,3.571428571428571
exp_GT_4.5ft,red_pine,2020,inside,co,13.755677343194359,33.976523037690065,28,1,4,3.571428571428571
exp_GT_4.5ft,red_pine,2020,inside,sb,13.755677343194359,33.976523037690065,28,1,4,3.571428571428571
exp_GT_4.5ft,red_pine,2021,outside,ab,371.87762196773645,918.5377262603091,29,10,5,34.48275862068966
exp_GT_4.5ft,red_pine,2021,outside,bta,345.31493468432745,852.9278886702889,29,8,5,27.586206896551722
exp_GT_4.5ft,red_pine,2021,outside,sb,318.7522474009172,787.3180510802656,29,10,5,34.48275862068966
exp_GT_4.5ft,red_pine,2021,outside,rm,225.78284190898307,557.6836195151883,29,5,5,17.24137931034483
exp_GT_4.5ft,red_pine,2021,outside,pb,92.96940549193428,229.6344315650777,29,3,5,10.344827586206897
exp_GT_4.5ft,red_pine,2021,outside,co,92.96940549193414,229.63443156507734,29,2,5,6.896551724137931
exp_GT_4.5ft,red_pine,2021,outside,stm,79.68806185022945,196.82951277006674,29,3,5,10.344827586206897
exp_GT_4.5ft,red_pine,2021,outside,ro,66.40671820852431,164.02459397505504,29,1,5,3.4482758620689653
exp_GT_4.5ft,red_pine,2021,outside,eh,53.12537456681965,131.21967518004456,29,1,5,3.4482758620689653
exp_GT_4.5ft,red_pine,2021,outside,svb,26.562687283409826,65.60983759002228,29,1,5,3.4482758620689653
exp_GT_4.5ft,red_pine,2021,outside,ah,13.281343641704897,32.8049187950111,29,1,5,3.4482758620689653
exp_GT_4.5ft,red_pine,2021,outside,bc,13.281343641704897,32.8049187950111,29,1,5,3.4482758620689653
exp_GT_4.5ft,red_pine,2021,outside,pc,13.281343641704897,32.8049187950111,29,1,5,3.4482758620689653
exp_GT_4.5ft,red_pine,2021,outside,wa,13.281343641704897,32.8049187950111,29,1,5,3.4482758620689653
exp_GT_4.5ft,red_pine,2021,inside,pc,1471.8574757217934,3635.4879650328303,28,14,5,50
exp_GT_4.5ft,red_pine,2021,inside,bta,811.5849632484665,2004.6148592237123,28,13,5,46.42857142857143
exp_GT_4.5ft,red_pine,2021,inside,rm,646.5168351301353,1596.8965827714342,28,11,5,39.285714285714285
exp_GT_4.5ft,red_pine,2021,inside,svb,605.2498031005516,1494.9670136583625,28,6,5,21.428571428571427
exp_GT_4.5ft,red_pine,2021,inside,wa,508.96006169819134,1257.1313523945328,28,11,5,39.285714285714285
exp_GT_4.5ft,red_pine,2021,inside,qa,357.64761092305355,883.3895989799423,28,4,5,14.285714285714285
exp_GT_4.5ft,red_pine,2021,inside,eh,302.62490155027615,747.4835068291821,28,3,5,10.714285714285714
exp_GT_4.5ft,red_pine,2021,inside,ro,192.57948280472087,475.67132252766055,28,10,5,35.714285714285715
exp_GT_4.5ft,red_pine,2021,inside,ab,165.0681281183323,407.7182764522808,28,3,5,10.714285714285714
exp_GT_4.5ft,red_pine,2021,inside,bc,123.80109608874912,305.7887073392103,28,2,5,7.142857142857142
exp_GT_4.5ft,red_pine,2021,inside,pb,96.28974140236032,237.83566126383,28,4,5,14.285714285714285
exp_GT_4.5ft,red_pine,2021,inside,ah,41.26703202958286,101.92956911306966,28,1,5,3.571428571428571
exp_GT_4.5ft,red_pine,2021,inside,co,27.511354686388717,67.95304607538013,28,2,5,7.142857142857142
exp_GT_4.5ft,red_pine,2021,inside,sb,13.755677343194359,33.976523037690065,28,1,5,3.571428571428571
exp_GT_4.5ft,red_pine,2021,inside,sm,13.755677343194359,33.976523037690065,28,1,5,3.571428571428571
exp_GT_4.5ft,red_pine,2021,inside,wo,13.755677343194359,33.976523037690065,28,1,5,3.571428571428571
exp_GT_4.5ft,red_pine,2022,outside,ab,1421.1037696624237,3510.126311066187,29,14,6,48.275862068965516
exp_GT_4.5ft,red_pine,2022,outside,sb,942.9753985610471,2329.1492344457865,29,15,6,51.724137931034484
exp_GT_4.5ft,red_pine,2022,outside,rm,491.4097147430811,1213.7819954154104,29,8,6,27.586206896551722
exp_GT_4.5ft,red_pine,2022,outside,bta,358.5962783260322,885.7328074652996,29,8,6,27.586206896551722
exp_GT_4.5ft,red_pine,2022,outside,svb,212.50149826727858,524.8787007201781,29,7,6,24.137931034482758
exp_GT_4.5ft,red_pine,2022,outside,ro,185.9388109838688,459.268863130156,29,4,6,13.793103448275861
exp_GT_4.5ft,red_pine,2022,outside,pb,132.81343641704888,328.04918795011076,29,5,6,17.24137931034483
exp_GT_4.5ft,red_pine,2022,outside,eh,106.25074913363927,262.43935036008907,29,3,6,10.344827586206897
exp_GT_4.5ft,red_pine,2022,outside,ah,79.6880618502293,196.8295127700664,29,1,6,3.4482758620689653
exp_GT_4.5ft,red_pine,2022,outside,co,53.125374566819374,131.21967518004388,29,2,6,6.896551724137931
exp_GT_4.5ft,red_pine,2022,outside,stm,53.125374566819374,131.21967518004388,29,2,6,6.896551724137931
exp_GT_4.5ft,red_pine,2022,outside,bc,13.281343641704897,32.8049187950111,29,1,6,3.4482758620689653
exp_GT_4.5ft,red_pine,2022,outside,pc,13.281343641704897,32.8049187950111,29,1,6,3.4482758620689653
exp_GT_4.5ft,red_pine,2022,outside,qa,13.281343641704897,32.8049187950111,29,1,6,3.4482758620689653
exp_GT_4.5ft,red_pine,2022,outside,wa,13.281343641704897,32.8049187950111,29,1,6,3.4482758620689653
exp_GT_4.5ft,red_pine,2022,inside,pc,1980.8175374199857,4892.619317427365,28,15,6,53.57142857142857
exp_GT_4.5ft,red_pine,2022,inside,rm,1609.4142491537375,3975.253195409732,28,15,6,53.57142857142857
exp_GT_4.5ft,red_pine,2022,inside,svb,1100.4541874555484,2718.1218430152044,28,11,6,39.285714285714285
exp_GT_4.5ft,red_pine,2022,inside,bta,990.4087687099935,2446.3096587136843,28,12,6,42.857142857142854
exp_GT_4.5ft,red_pine,2022,inside,wa,729.050899189301,1800.7557209975735,28,13,6,46.42857142857143
exp_GT_4.5ft,red_pine,2022,inside,qa,440.18167498221936,1087.2487372060818,28,5,6,17.857142857142858
exp_GT_4.5ft,red_pine,2022,inside,ro,371.4032882662477,917.3661220176319,28,15,6,53.57142857142857
exp_GT_4.5ft,red_pine,2022,inside,eh,330.13625623666456,815.4365529045615,28,3,6,10.714285714285714
exp_GT_4.5ft,red_pine,2022,inside,ab,275.11354686388745,679.5304607538021,28,6,6,21.428571428571427
exp_GT_4.5ft,red_pine,2022,inside,sb,151.3124507751378,373.74175341459033,28,7,6,25
exp_GT_4.5ft,red_pine,2022,inside,bc,137.5567734319433,339.7652303768999,28,3,6,10.714285714285714
exp_GT_4.5ft,red_pine,2022,inside,pb,110.04541874555468,271.81218430152006,28,5,6,17.857142857142858
exp_GT_4.5ft,red_pine,2022,inside,ah,82.53406405916624,203.85913822614066,28,2,6,7.142857142857142
exp_GT_4.5ft,red_pine,2022,inside,co,41.267032029583106,101.92956911307027,28,2,6,7.142857142857142
exp_GT_4.5ft,red_pine,2022,inside,wh,41.26703202958286,101.92956911306966,28,1,6,3.571428571428571
exp_GT_4.5ft,red_pine,2022,inside,cc,13.755677343194359,33.976523037690065,28,1,6,3.571428571428571
exp_GT_4.5ft,red_pine,2022,inside,sm,13.755677343194359,33.976523037690065,28,1,6,3.571428571428571
exp_GT_4.5ft,red_pine,2022,inside,stm,13.755677343194359,33.976523037690065,28,1,6,3.571428571428571
exp_GT_4.5ft,red_pine,2022,inside,wo,13.755677343194359,33.976523037690065,28,1,6,3.571428571428571
exp_GT_4.5ft,red_pine,2022,inside,wp,13.755677343194359,33.976523037690065,28,1,6,3.571428571428571
exp_GT_4.5ft,sta_rd,2019,outside,ab,147.26666332125694,363.7486584035047,34,4,2,11.76470588235294
exp_GT_4.5ft,sta_rd,2019,outside,sb,45.312819483463585,111.92266412415508,34,2,2,5.88235294117647
exp_GT_4.5ft,sta_rd,2019,outside,bta,22.65640974173191,55.96133206207782,34,1,2,2.941176470588235
exp_GT_4.5ft,sta_rd,2019,outside,pc,11.328204870865942,27.98066603103888,34,1,2,2.941176470588235
exp_GT_4.5ft,sta_rd,2019,inside,pc,2462.4917473390537,6082.354615927464,61,31,2,50.81967213114754
exp_GT_4.5ft,sta_rd,2019,inside,ba,164.16611648927045,405.490307728498,61,4,2,6.557377049180328
exp_GT_4.5ft,sta_rd,2019,inside,bta,164.16611648927025,405.49030772849756,61,4,2,6.557377049180328
exp_GT_4.5ft,sta_rd,2019,inside,rm,56.82673263090134,140.36202959832633,61,3,2,4.918032786885246
exp_GT_4.5ft,sta_rd,2019,inside,sb,56.826732630901184,140.36202959832593,61,6,2,9.836065573770492
exp_GT_4.5ft,sta_rd,2019,inside,stm,37.88448842060088,93.5746863988842,61,2,2,3.278688524590164
exp_GT_4.5ft,sta_rd,2019,inside,gb,12.628162806866966,31.191562132961412,61,1,2,1.639344262295082
exp_GT_4.5ft,sta_rd,2019,inside,ab,6.314081403433476,15.595781066480686,61,1,2,1.639344262295082
exp_GT_4.5ft,sta_rd,2019,inside,pb,6.314081403433476,15.595781066480686,61,1,2,1.639344262295082
exp_GT_4.5ft,sta_rd,2019,inside,wi,6.314081403433476,15.595781066480686,61,1,2,1.639344262295082
exp_GT_4.5ft,sta_rd,2020,outside,sb,135.938458450391,335.7679923724658,34,6,3,17.647058823529413
exp_GT_4.5ft,sta_rd,2020,outside,ab,90.62563896692761,223.84532824831123,34,2,3,5.88235294117647
exp_GT_4.5ft,sta_rd,2020,outside,bta,33.984614612597646,83.9419980931162,34,1,3,2.941176470588235
exp_GT_4.5ft,sta_rd,2020,outside,stm,11.328204870865942,27.98066603103888,34,1,3,2.941176470588235
exp_GT_4.5ft,sta_rd,2020,inside,pc,2658.2282708454914,6565.823828988364,61,30,3,49.18032786885246
exp_GT_4.5ft,sta_rd,2020,inside,sb,441.98569824034325,1091.704674653648,61,13,3,21.311475409836063
exp_GT_4.5ft,sta_rd,2020,inside,bta,214.67876771673812,530.2565562603432,61,5,3,8.19672131147541
exp_GT_4.5ft,sta_rd,2020,inside,ba,94.71122105150224,233.93671599721057,61,3,3,4.918032786885246
exp_GT_4.5ft,sta_rd,2020,inside,rm,56.82673263090134,140.36202959832633,61,3,3,4.918032786885246
exp_GT_4.5ft,sta_rd,2020,inside,stm,18.94224421030044,46.7873431994421,61,1,3,1.639344262295082
exp_GT_4.5ft,sta_rd,2020,inside,ab,12.628162806866966,31.191562132961412,61,1,3,1.639344262295082
exp_GT_4.5ft,sta_rd,2020,inside,pb,12.628162806866966,31.191562132961412,61,1,3,1.639344262295082
exp_GT_4.5ft,sta_rd,2020,inside,qa,6.314081403433476,15.595781066480686,61,1,3,1.639344262295082
exp_GT_4.5ft,sta_rd,2020,inside,wi,6.314081403433476,15.595781066480686,61,1,3,1.639344262295082
exp_GT_4.5ft,sta_rd,2021,outside,sb,498.44101431810157,1231.149305365711,34,9,4,26.47058823529412
exp_GT_4.5ft,sta_rd,2021,outside,ab,169.92307306298898,419.7099904655828,34,7,4,20.588235294117645
exp_GT_4.5ft,sta_rd,2021,outside,wa,90.62563896692761,223.84532824831123,34,2,4,5.88235294117647
exp_GT_4.5ft,sta_rd,2021,outside,rm,45.31281948346382,111.92266412415565,34,2,4,5.88235294117647
exp_GT_4.5ft,sta_rd,2021,outside,stm,33.984614612597646,83.9419980931162,34,1,4,2.941176470588235
exp_GT_4.5ft,sta_rd,2021,outside,bta,11.328204870865942,27.98066603103888,34,1,4,2.941176470588235
exp_GT_4.5ft,sta_rd,2021,inside,pc,3175.9829459270354,7844.677876439779,61,40,4,65.57377049180327
exp_GT_4.5ft,sta_rd,2021,inside,sb,858.7150708669523,2121.0262250413725,61,23,4,37.704918032786885
exp_GT_4.5ft,sta_rd,2021,inside,bta,176.7942792961373,436.6818698614591,61,4,4,6.557377049180328
exp_GT_4.5ft,sta_rd,2021,inside,ba,101.02530245493573,249.5324970636913,61,3,4,4.918032786885246
exp_GT_4.5ft,sta_rd,2021,inside,rm,75.76897684120154,187.14937279776782,61,4,4,6.557377049180328
exp_GT_4.5ft,sta_rd,2021,inside,qa,44.19856982403436,109.17046746536488,61,4,4,6.557377049180328
exp_GT_4.5ft,sta_rd,2021,inside,ab,37.88448842060087,93.57468639888415,61,5,4,8.19672131147541
exp_GT_4.5ft,sta_rd,2021,inside,stm,25.256325613733804,62.383124265922504,61,1,4,1.639344262295082
exp_GT_4.5ft,sta_rd,2021,inside,wa,18.942244210300426,46.78734319944206,61,3,4,4.918032786885246
exp_GT_4.5ft,sta_rd,2021,inside,sm,12.628162806866966,31.191562132961412,61,1,4,1.639344262295082
exp_GT_4.5ft,sta_rd,2021,inside,bc,6.314081403433476,15.595781066480686,61,1,4,1.639344262295082
exp_GT_4.5ft,sta_rd,2021,inside,pb,6.314081403433476,15.595781066480686,61,1,4,1.639344262295082
exp_GT_4.5ft,sta_rd,2021,inside,wi,6.314081403433476,15.595781066480686,61,1,4,1.639344262295082
exp_GT_4.5ft,sta_rd,2022,outside,sb,1325.3999698913155,3273.73792563155,34,15,5,44.11764705882353
exp_GT_4.5ft,sta_rd,2022,outside,ab,237.89230228818494,587.5939866518169,34,9,5,26.47058823529412
exp_GT_4.5ft,sta_rd,2022,outside,rm,90.62563896692741,223.84532824831072,34,2,5,5.88235294117647
exp_GT_4.5ft,sta_rd,2022,outside,stm,90.6256389669272,223.8453282483102,34,3,5,8.823529411764707
exp_GT_4.5ft,sta_rd,2022,outside,wa,33.984614612597824,83.94199809311664,34,3,5,8.823529411764707
exp_GT_4.5ft,sta_rd,2022,outside,ba,11.328204870865942,27.98066603103888,34,1,5,2.941176470588235
exp_GT_4.5ft,sta_rd,2022,inside,pc,3175.9829459270363,7844.67787643978,61,39,5,63.934426229508205
exp_GT_4.5ft,sta_rd,2022,inside,sb,1603.7766764721014,3961.3283908860903,61,30,5,49.18032786885246
exp_GT_4.5ft,sta_rd,2022,inside,bta,214.67876771673818,530.2565562603434,61,4,5,6.557377049180328
exp_GT_4.5ft,sta_rd,2022,inside,ba,157.85203508583697,389.8945266620174,61,5,5,8.19672131147541
exp_GT_4.5ft,sta_rd,2022,inside,wa,119.96754666523614,296.3198402631333,61,10,5,16.39344262295082
exp_GT_4.5ft,sta_rd,2022,inside,rm,82.08305824463527,202.74515386424915,61,4,5,6.557377049180328
exp_GT_4.5ft,sta_rd,2022,inside,qa,69.45489543776827,171.55359173128767,61,7,5,11.475409836065573
exp_GT_4.5ft,sta_rd,2022,inside,stm,63.1408140343347,155.95781066480674,61,2,5,3.278688524590164
exp_GT_4.5ft,sta_rd,2022,inside,ab,56.82673263090131,140.36202959832625,61,7,5,11.475409836065573
exp_GT_4.5ft,sta_rd,2022,inside,bc,25.256325613733917,62.38312426592279,61,3,5,4.918032786885246
exp_GT_4.5ft,sta_rd,2022,inside,pb,18.942244210300327,46.787343199441814,61,1,5,1.639344262295082
